Type,Position_Start,Position_End,Original_AA,Alternative_AA,Description,PubMed_IDs
Natural variant,100,100,F,Y,,1347277
Natural variant,108,108,T,S,,1347277
Natural variant,141,141,L,M,,1347277
Natural variant,219,219,V,I,,1347277
Mutagenesis,30,30,S,R,In mut1.28; shifts fluorescence lifetime from 3.03 to 2.76 ns; when associated with H-145. In mut2.2; shifts fluorescence lifetime from 3.03 to 1.94 ns; when associated with H-69 and H-145. In mut3.3; shifts fluorescence lifetime from 3.03 to 1.88 ns; when associated with L-46; H-69 and H-145. In EBFP1.2; shifts the excitation and emission spectra to shorter wavelengths and increases quantum yields compared to BFP; when associated with N-39; H-66; A-72; T-105; F-145; V-171; S-198 and V-206. In EBFP2.0; shifts the excitation and emission spectra to shorter wavelengths and increases quantum yields compared to BFP; when associated with N-39; H-66; A-72; T-105; V-128; F-145; I-150; V-155; V-171; S-198; V-206 and V-224.,16201762;22891786
Mutagenesis,39,39,Y,N,In EBFP1.2; shifts the excitation and emission spectra to shorter wavelengths and increases quantum yields compared to BFP; when associated with R-30; H-66; A-72; T-105; F-145; V-171; S-198 and V-206. In EBFP2.0; shifts the excitation and emission spectra to shorter wavelengths and increases quantum yields compared to BFP; when associated with R-30; H-66; A-72; T-105; V-128; F-145; I-150; V-155; V-171; S-198; V-206 and V-224.,22891786
Mutagenesis,46,46,F,L,"In mut3.3; shifts fluorescence lifetime from 3.03 to 1.88 ns; when associated with R-30; H-69 and H-145. In R10-3; matures to the red-emitting state with excitation and emission maxima at 555 and 585 nm, respectively; when associated with L-64; N-68; Q-162; A-163; V-167 and L-171. In Venus; leads to yellow fluorescence, improved maturation and reduced environmental sensitivity; when associated with L-64; G-65; L-68; A-72; T-153; A-163; G-175 and Y-203.",12370172;16201762;18366185
Mutagenesis,64,64,F,L,"In EGFP; increases fluorescence at warmer temperatures such as 37 degrees Celsius; when associated with T-65. In EBFP; gives rise to variants with blue fluorescence; when associated with T-65 and H-66. In ECFP; leads to cyan fluorescence, folds faster and more efficiently at 37 degrees Celsius and has superior solubility and brightness; when associated with T-65; W-66; I-146; T-153 and A-163. In Cerulean; leads to improved quantum yield, a higher extinction coefficient and is 2.5-fold brighterH than ECFP; when associated with T-65; W-66; A-72; A-145; I-146; D-148; T-153 and A-163. In R10-3; matures to the red-emitting state with excitation and emission maxima at 555 and 585 nm, respectively; when associated with L-46; N-68; Q-162; A-163; V-167 and L-171. In GFPmut 1; red-shifts by about 100 nm the excitation maxima, permitting efficient excitation at 488 nm and increases fluorescence; when associated with T-65. In VisGreen; leads to brighter fluorescence; when associated with T-65; A-72; K-149 and T-167. In Venus; leads to yellow fluorescence, improved maturation and reduced environmental sensitivity; when associated with L-46; G-65; L-68; A-72; T-153; A-163; G-175 and Y-203.",11299042;11776264;12370172;14990965;15065907;17658219;18366185;8707053;9145105;9370472
Mutagenesis,64,64,F,M,In RSGFP4; increases fluorescence and shifts the major exitation peak to 489-490 nm; when associated with G-65 and L-69.,9634755
Mutagenesis,65,66,SY,TW,Gives rise to variants with cerulean fluorsecence.,17685554
Mutagenesis,65,65,S,A,"In GFPmut 2; red-shifts by about 100 nm the excitation maxima, permitting efficient excitation at 488 nm and increases fluorescence; when associated with L-68 and A-72.",8707053
Mutagenesis,65,65,S,G,"In EYFP; leads to yellow fluorescence, folds faster and more efficiently at 37 degrees Celsius and has superior solubility and brightness; when associated with L-68; A-72 and Y-203. In GFPmut 3; highly fluorescent mutant when excited at 488 nm; when associated with A-72. Highly fluorescent; when associated with Y-203; L-68 and A-72. In RSGFP4; increases fluorescence and shifts the major exitation peak to 489-490 nm; when associated with M-64 and L-69. In YFP 10C; shifts the major emission and exitation peak up to 20 nm; when associated with L-68; A-72 and Y-203. In Topaz; shifts the major emission and exitation peak up to 20 nm; when associated with A-72; R-79 and Y-203. In Venus; leads to yellow fluorescence, improved maturation and reduced environmental sensitivity; when associated with L-46; L-64; L-68; A-72; T-153; A-163; G-175 and Y-203.",11299042;12370172;8707053;9634755;9759496;9782051
Mutagenesis,65,65,S,T,"Increases fluorescence, photostability and shifts the major exitation peak to 488 nm. In EGFP; increases fluorescence at warmer temperatures such as 37 degrees Celsius; when associated with L-64. In EBFP; gives rise to variants with blue fluorescence; when associated with L-64 and H-66. In GFPmut 1; red-shifts by about 100 nm the excitation maxima, permitting efficient excitation at 488 nm and increases fluorescence; when associated with T-65. In ECFP; leads to cyan fluorescence, folds faster and more efficiently at 37 degrees Celsius and has superior solubility and brightness; when associated with L-64; W-66; I-146; T-153 and A-163. In Cerulean; leads to improved quantum yield, a higher extinction coefficient and is 2.5-fold brighter than ECFP; when associated with L-64; W-66; A-72; A-145; I-146; D-148; T-153 and A-163. In Esmerald; leads to brighter fluorescence; when associated with A-72; K-149; T-153 and T-167. In VisGreen; leads to brighter fluorescence; when associated with L-64; A-72; K-149 and T-167.",11299042;11776264;14990965;15065907;17658219;8703075;8707053;9370472
Mutagenesis,66,66,Y,H,In BFP; shifts the excitation and emission spectra to shorter wavelengths. In EBFP; gives rise to variants with blue fluorescence; when associated with L-64 and T-65. In Azurite; shifts the excitation and emission spectra to shorter wavelengths and increases quantum yields compared to BFP; when associated with R-80; F-145; I-150 and R-224. In EBFP1.2; shifts the excitation and emission spectra to shorter wavelengths and increases quantum yields compared to BFP; when associated with R-30; N-39; A-72; T-105; F-145; V-171; S-198 and V-206. In EBFP2.0; shifts the excitation and emission spectra to shorter wavelengths and increases quantum yields compared to BFP; when associated with R-30; N-39; A-72; T-105; V-128; F-145; I-150; V-155; V-171; S-198; V-206 and V-224.,22891786;8578587;9145105;9370472
Mutagenesis,66,66,Y,T;F,Shifts the excitation and emission spectra to shorter wavelengths.,8578587
Mutagenesis,66,66,Y,W,"In W; leads to excitation and emission wavelengths intermediate between tyrosine and histidine but is only weakly fluorescent. In ECFP; leads to cyan fluorescence, folds faster and more efficiently at 37 degrees Celsius and has superior solubility and brightness; when associated with L-64; T-65; I-146; T-153 and A-163. In Cerulean; leads to improved quantum yield, a higher extinction coefficient and is 2.5-fold brighter than ECFP; when associated with L-64; T-65; A-72; A-145; I-146; D-148; T-153 and A-163.",11299042;14990965;15065907;7809066
Mutagenesis,68,68,V,L,"In EYFP; leads to yellow fluorescence, folds faster and more efficiently at 37 degrees Celsius and has superior solubility and brightness; when associated with G-65; A-72 and Y-203. In GFPmut 2; red-shifts by about 100 nm the excitation maxima, permitting efficient excitation at 488 nm and increases fluorescence; when associated with A-65 and A-72. In Citrinine; leads to excitation and emission peaks of 516 and 529 nm, respectively; when associated with M-69; A-72 and Y-203. In YFP 10C; shifts the major emission and exitation peak up to 20 nm; when associated with G-65; A-72 and Y-203. In Venus; leads to yellow fluorescence, improved maturation and reduced environmental sensitivity; when associated with L-46; L-64; G-65; A-72; T-153; A-163; G-175 and Y-203.",11299042;11387331;12370172;8707053;9759496;9782051
Mutagenesis,68,68,V,N,"In R10-3; matures to the red-emitting state with excitation and emission maxima at 555 and 585 nm, respectively; when associated with L-46; L-64; Q-162; A-163; V-167 and L-171.",18366185
Mutagenesis,69,69,Q,H,In P4; leads to no detectable fluorescence. In mut2.2; shifts fluorescence lifetime from 3.03 to 1.94 ns; when associated with R-30 and H-145. In mut3.3; shifts fluorescence lifetime from 3.03 to 1.88 ns; when associated with R-30; L-46 and H-145.,16201762;7809066
Mutagenesis,69,69,Q,L,In RSGFP4; increases fluorescence and shifts the major exitation peak to 489-490 nm; when associated with M-64 and G-65.,9634755
Mutagenesis,69,69,Q,M,"In Citrinine; leads to excitation and emission peaks of 516 and 529 nm, respectively; when associated with L-68; A-72 and Y-203.",11387331
Mutagenesis,72,72,S,A,"Increases fluorescence at warmer temperatures such as 37 degrees Celsius. In GFPmut 3; highly fluorescent mutant when excited at 488 nm; when associated with G-65. In EYFP; leads to yellow fluorescence, folds faster and more efficiently at 37 degrees Celsius and has superior solubility and brightness; when associated with G-65; L-68 and Y-203. In GFPmut 2; red-shifts by about 100 nm the excitation maxima, permitting efficient excitation at 488 nm and increases fluorescence; when associated with A-65 and L-68. In Citrinine; leads to excitation and emission peaks of 516 and 529 nm, respectively; when associated with L-68; M-69 and Y-203. In YFP 10C; shifts the major emission and exitation peak up to 20 nm; when associated with G-65; L-68; and Y-203. In Topaz; shifts the major emission and exitation peak up to 20 nm; when associated with G-65; R-79 and Y-203. In Cerulean; leads to improved quantum yield, a higher extinction coefficient and is 2.5-fold brighter than ECFP; when associated with L-64; T-65; W-66; A-145; I-146; D-148; T-153 and A-163. In Sapphire/H9-40; exhibits a huge Stoke's shift, with an excitation peak at 399 nm and an emission peak at 511 nm; when associated with F-145 and I-203. In EBFP1.2; shifts the excitation and emission spectra to shorter wavelengths and increases quantum yields compared to BFP; when associated with R-30; N-39; H-66; T-105; F-145; V-171; S-198 and V-206. In EBFP2.0; shifts the excitation and emission spectra to shorter wavelengths and increases quantum yields compared to BFP; when associated with R-30; N-39; H-66; T-105; V-128; F-145; I-150; V-155; V-171; S-198; V-206 and V-224. In Esmerald; leads to brighter fluorescence; when associated with T-65; K-149; T-153 and T-167. In VisGreen; leads to brighter fluorescence; when associated with L-64; T-65; K-149 and T-167. In Venus; leads to yellow fluorescence, improved maturation and reduced environmental sensitivity; when associated with L-46; L-64; G-65; L-68; T-153; A-163; G-175 and Y-203.",11299042;11387331;12370172;12769828;14990965;17658219;22891786;8707053;9145105;9759496;9782051
Mutagenesis,79,79,K,R,In Topaz; shifts the major emission and exitation peak up to 20 nm; when associated with G-65; A-72 and Y-203.,9759496
Mutagenesis,80,80,Q,R,In Azurite; shifts the excitation and emission spectra to shorter wavelengths and increases quantum yields compared to BFP; when associated with H-66; F-145; I-150 and R-224.,22891786
Mutagenesis,99,99,F,S,"In alphaGFP/cycle 3 GFP; improves folding at 37 degrees Celsius, reduces aggregation at high concentrations, and increases the diffusibility of the protein inside cells; when associated with T-153 and A-163.",9370472;9630892;9631088
Mutagenesis,103,103,D,E,In mut1.27; shifts fluorescence lifetime from 3.03 to 2.85 ns; when associated with H-145.,16201762
Mutagenesis,105,105,N,T,In EBFP1.2; shifts the excitation and emission spectra to shorter wavelengths and increases quantum yields compared to BFP; when associated with R-30; N-39; H-66; A-72; F-145; V-171; S-198 and V-206. In EBFP2.0; shifts the excitation and emission spectra to shorter wavelengths and increases quantum yields compared to BFP; when associated with R-30; N-39; H-66; A-72; V-128; F-145; I-150; V-155; V-171; S-198; V-206 and V-224.,22891786
Mutagenesis,128,128,I,V,In EBFP2.0; shifts the excitation and emission spectra to shorter wavelengths and increases quantum yields compared to BFP; when associated with R-30; N-39; H-66; A-72; T-105; F-145; I-150; V-155; V-171; S-198; V-206 and V-224.,22891786
Mutagenesis,145,145,Y,A,"In Cerulean; leads to improved quantum yield, a higher extinction coefficient and is 2.5-fold brighter than ECFP; when associated with L-64; T-65; W-66; A-72; I-146; D-148; T-153 and A-163.",14990965
Mutagenesis,145,145,Y,C,In mut1.9; shifts fluorescence lifetime from 3.03 to 2.74 ns.,16201762
Mutagenesis,145,145,Y,F,"In Sapphire/H9-40; exhibits a huge Stoke's shift, with an excitation peak at 399 nm and an emission peak at 511 nm; when associated with A-72 and I-203. In Azurite; shifts the excitation and emission spectra to shorter wavelengths and increases quantum yields compared to BFP; when associated with H-66; R-80; I-150 and R-224. In EBFP1.2; shifts the excitation and emission spectra to shorter wavelengths and increases quantum yields compared to BFP; when associated with R-30; N-39; H-66; A-72; T-105; V-171; S-198 and V-206. In EBFP2.0; shifts the excitation and emission spectra to shorter wavelengths and increases quantum yields compared to BFP; when associated with R-30; N-39; H-66; A-72; T-105; V-128; I-150; V-155; V-171; S-198; V-206 and V-224.",12769828;22891786
Mutagenesis,145,145,Y,H,In mut1.3; shifts fluorescence lifetime from 3.03 to 2.78 ns. In mut1.5; shifts fluorescence lifetime from 3.03 to 2.72 ns; when associated with A-193. In mut1.27; shifts fluorescence lifetime from 3.03 to 2.85 ns; when associated with E-103. In mut1.28; shifts fluorescence lifetime from 3.03 to 2.76 ns; when associated with R-30. In mut2.1; shifts fluorescence lifetime from 3.03 to 2.50 ns; when associated with A-176 and I-198. In mut2.2; shifts fluorescence lifetime from 3.03 to 1.94 ns; when associated with R-30 and H-69. In mut3.3; shifts fluorescence lifetime from 3.03 to 1.88 ns; when associated with R-30; L-46 and H-69.,16201762
Mutagenesis,146,146,N,I,"In ECFP; leads to cyan fluorescence, folds faster and more efficiently at 37 degrees Celsius and has superior solubility and brightness; when associated with L-64; T-65; W-66; T-153 and A-163. In Cerulean; leads to improved quantum yield, a higher extinction coefficient and is 2.5-fold brighter than ECFP; when associated with L-64; T-65; W-66; A-72; A-145; D-148; T-153 and A-163.",11299042;14990965;15065907
Mutagenesis,147,147,S,P,Increases fluorescence at warmer temperatures such as 37 degrees Celsius.,9125154
Mutagenesis,148,148,H,D,"In Cerulean; leads to improved quantum yield, a higher extinction coefficient and is 2.5-fold brighter than ECFP; when associated with L-64; T-65; W-66; A-72; A-145; I-146; T-153 and A-163.",14990965
Mutagenesis,149,149,N,K,Increases fluorescence at warmer temperatures such as 37 degrees Celsius. In Esmerald; leads to brighter fluorescence; when associated with T-65; A-72; T-153 and T-167. In VisGreen; leads to brighter fluorescence; when associated with L-64; T-65; A-72 and T-167.,17658219;9145105
Mutagenesis,150,150,V,I,In Azurite; shifts the excitation and emission spectra to shorter wavelengths and increases quantum yields compared to BFP; when associated with H-66; R-80; F-145 and R-224. In EBFP2.0; shifts the excitation and emission spectra to shorter wavelengths and increases quantum yields compared to BFP; when associated with R-30; N-39; H-66; A-72; T-105; V-128; F-145; V-155; V-171; S-198; V-206 and V-224.,22891786
Mutagenesis,153,153,M,T,"Increases fluorescence at warmer temperatures such as 37 degrees Celsius. In alphaGFP/cycle 3 GFP; improves folding at 37 degrees Celsius, reduces aggregation at high concentrations, and increases the diffusibility of the protein inside cells; when associated with S-99 and A-163. In ECFP; leads to cyan fluorescence, folds faster and more efficiently at 37 degrees Celsius and has superior solubility and brightness; when associated with L-64; T-65; W-66; I-146 and A-163. In Cerulean; leads to improved quantum yield, a higher extinction coefficient and is 2.5-fold brighter than ECFP; when associated with L-64; T-65; W-66; A-72; A-145; I-146; D-148 and A-163. In Esmerald; leads to brighter fluorescence; when associated with T-65; A-72; K-149 and T-167. In Venus; leads to yellow fluorescence, improved maturation and reduced environmental sensitivity; when associated with L-46; L-64; G-65; L-68; A-72; A-163; G-175 and Y-203.",11299042;12370172;14990965;15065907;17658219;9145105;9370472;9630892;9631088
Mutagenesis,155,155,D,V,In EBFP2.0; shifts the excitation and emission spectra to shorter wavelengths and increases quantum yields compared to BFP; when associated with R-30; N-39; H-66; A-72; T-105; V-128; F-145; I-150; V-171; S-198; V-206 and V-224.,22891786
Mutagenesis,162,162,K,Q,"In R10-3; matures to the red-emitting state with excitation and emission maxima at 555 and 585 nm, respectively; when associated with L-46; L-64; N-68; A-163; V-167 and L-171.",18366185
Mutagenesis,163,163,V,A,"In GFPB; leads to enhanced fluorescence at 37 degrees Celsius. In GFPA; leads to even higher fluorescence at 37 degrees Celsius than GFPA; whenassociated with G-175. In alphaGFP/cycle 3 GFP; improves folding at 37 degrees Celsius, reduces aggregation at high concentrations, and increases the diffusibility of the protein inside cells; when associated with S-99 and T-153. In R10-3; matures to the red-emitting state with excitation and emission maxima at 555 and 585 nm, respectively; when associated with L-46; L-64; N-68; Q-162; V-167 and L-171. In ECFP; leads to cyan fluorescence, folds faster and more efficiently at 37 degrees Celsius and has superior solubility and brightness; when associated with L-64; T-65; W-66; I-146 and T-153. In Cerulean; leads to improved quantum yield, a higher extinction coefficient and is 2.5-fold brighter than ECFP; when associated with L-64; T-65; W-66; A-72; A-145; I-146; D-148 and T-153. In Venus; leads to yellow fluorescence, improved maturation and reduced environmental sensitivity; when associated with L-46; L-64; G-65; L-68; A-72; T-153; G-175 and Y-203.",11299042;12370172;14990965;15065907;18366185;8994830;9370472;9630892;9631088
Mutagenesis,167,167,I,T,In P11; increases fluorescence at 475 nm excitation and at warmer temperatures such as 37 degrees Celsius. In Esmerald; leads to brighter fluorescence; when associated with T-65; A-72; K-149 and T-153. In VisGreen; leads to brighter fluorescence; when associated with L-64; T-65; A-72 and K-149.,17658219;7809066;9145105
Mutagenesis,167,167,I,V,"In P9; increases fluorescence at 475 nm excitation. In R10-3; matures to the red-emitting state with excitation and emission maxima at 555 and 585 nm, respectively; when associated with L-46; L-64; N-68; Q-162; A-163 and L-171.",18366185;7809066
Mutagenesis,171,171,I,L,"In R10-3; matures to the red-emitting state with excitation and emission maxima at 555 and 585 nm, respectively; when associated with L-46; L-64; N-68; Q-162; A-163 and V-167.",18366185
Mutagenesis,171,171,I,V,In EBFP1.2; shifts the excitation and emission spectra to shorter wavelengths and increases quantum yields compared to BFP; when associated with R-30; N-39; H-66; A-72; T-105; F-145; S-198 and V-206. In EBFP2.0; shifts the excitation and emission spectra to shorter wavelengths and increases quantum yields compared to BFP; when associated with R-30; N-39; H-66; A-72; T-105; V-128; F-145; I-150; V-155; S-198; V-206 and V-224.,22891786
Mutagenesis,175,175,S,G,"In GFPA; leads to enhanced fluorescence at 37 degrees Celsius; when associated with A-163. In Venus; leads to yellow fluorescence, improved maturation and reduced environmental sensitivity; when associated with L-46; L-64; G-65; L-68; A-72; T-153; A-163 and Y-203.",12370172;8994830
Mutagenesis,176,176,V,A,In mut2.1; shifts fluorescence lifetime from 3.03 to 2.50 ns; when associated with H-145 and I-198.,16201762
Mutagenesis,193,193,V,A,In mut1.5; shifts fluorescence lifetime from 3.03 to 2.72 ns; when associated with H-145.,16201762
Mutagenesis,198,198,N,I,In mut2.1; shifts fluorescence lifetime from 3.03 to 2.50 ns; when associated with H-145 and A-176.,16201762
Mutagenesis,198,198,N,S,In EBFP1.2; shifts the excitation and emission spectra to shorter wavelengths and increases quantum yields compared to BFP; when associated with R-30; N-39; H-66; A-72; T-105; F-145; V-171 and V-206. In EBFP2.0; shifts the excitation and emission spectra to shorter wavelengths and increases quantum yields compared to BFP; when associated with R-30; N-39; H-66; A-72; T-105; V-128; F-145; I-150; V-155; V-171; S-198 and V-224.,22891786
Mutagenesis,202,202,S,F,In H9; increases fluorescence at 395 nm excitation; when associated with I-203.,7809066
Mutagenesis,203,203,T,H;W;F,Results in significantly red-shifted excitation and emission maxima.,8703075
Mutagenesis,203,203,T,I,"Suppresses the 475 nm excitation peak, leaving only the shorter wavelength peak at 399 nm. In H9; increases fluorescence at 395 nm excitation; when associated with I-203. In Sapphire/H9-40; exhibits a huge Stoke's shift, with an excitation peak at 399 nm and an emission peak at 511 nm; when associated with A-72 and F-145.",12769828;7796912;7809066
Mutagenesis,203,203,T,Y,"Gives rise to yellow-emission variants. In EYFP; leads to yellow fluorescence, folds faster and more efficiently at 37 degrees Celsius and has superior solubility and brightness; when associated with G-65; L-68 and A-72. In Citrinine; leads to excitation and emission peaks of 516 and 529 nm, respectively; when associated with L-68; M-69 and A-72. In YFP 10C; shifts the major emission and exitation peak up to 20 nm; when associated with G-65; L-68 and A-72. In Topaz; shifts the major emission and exitation peak up to 20 nm; when associated with G-65; A-72 and R-79. In Venus; leads to yellow fluorescence, improved maturation and reduced environmental sensitivity; when associated with L-46; L-64; G-65; L-68; A-72; T-153; A-163 and G-175.",11299042;11387331;12370172;9759496;9782051
Mutagenesis,206,206,A,K,Abolishes the tendency to dimerize and leads to monomeric fluorescent proteins.,16739159
Mutagenesis,206,206,A,V,In EBFP1.2; shifts the excitation and emission spectra to shorter wavelengths and increases quantum yields compared to BFP; when associated with R-30; N-39; H-66; A-72; T-105; F-145; V-171 and S-198. In EBFP2.0; shifts the excitation and emission spectra to shorter wavelengths and increases quantum yields compared to BFP; when associated with R-30; N-39; H-66; A-72; T-105; V-128; F-145; I-150; V-155; V-171; S-198 and V-206.,
Mutagenesis,222,222,E,G,"Suppresses the 399 nm excitation peak, leaving only the longer wavelength peak at 475 nm.",7796912
Mutagenesis,224,224,V,R,In Azurite; shifts the excitation and emission spectra to shorter wavelengths and increases quantum yields compared to BFP; when associated with H-66; R-80; F-145 and I-150. In EBFP2.0; shifts the excitation and emission spectra to shorter wavelengths and increases quantum yields compared to BFP; when associated with R-30; N-39; H-66; A-72; T-105; V-128; F-145; I-150; V-155; V-171; S-198 and V-206.,22891786
