GFP_type,aaMutations,Brightness,Data_Source,Sequence_Length
egGFP,E172V,0.611839,GFP_data.xlsx (竞赛提供),238
avGFP,Y66F,0.565232,GFP_data.xlsx (竞赛提供),238
avGFP,N149K,1.080723,GFP_data.xlsx (竞赛提供),238
avGFP,R73H,1.40651,GFP_data.xlsx (竞赛提供),238
egGFP,F64L,3.377105,GFP_data.xlsx (竞赛提供),238
avGFP,F64L,1.866809,GFP_data.xlsx (竞赛提供),238
avGFP,E222G,1.514133,GFP_data.xlsx (竞赛提供),238
avGFP,R96H,1.34015,GFP_data.xlsx (竞赛提供),238
avGFP,D190N,1.955384,GFP_data.xlsx (竞赛提供),238
avGFP,V163A,3.070352,GFP_data.xlsx (竞赛提供),238
avGFP,L231F,1.307105,GFP_data.xlsx (竞赛提供),238
sfGFP,S65T,2.860615,GFP_data.xlsx (竞赛提供),238
avGFP,Y66H,1.913105,GFP_data.xlsx (竞赛提供),238
sfGFP,M153T,2.109228,GFP_data.xlsx (竞赛提供),238
avGFP,F64L,2.380305,GFP_data.xlsx (竞赛提供),238
avGFP,S72A,1.716431,GFP_data.xlsx (竞赛提供),238
rfGFP,F223S,0.739926,GFP_data.xlsx (竞赛提供),238
egGFP,S175G,1.022765,GFP_data.xlsx (竞赛提供),238
avGFP,D190N,0.353233,GFP_data.xlsx (竞赛提供),238
egGFP,F99S,1.897148,GFP_data.xlsx (竞赛提供),238
avGFP,R73H,1.867186,GFP_data.xlsx (竞赛提供),238
avGFP,Y66F,1.185418,GFP_data.xlsx (竞赛提供),238
sfGFP,S175G,1.570444,GFP_data.xlsx (竞赛提供),238
sfGFP,L236V,0.906481,GFP_data.xlsx (竞赛提供),238
avGFP,T225S,1.663735,GFP_data.xlsx (竞赛提供),238
avGFP,WT,0.906216,GFP_data.xlsx (竞赛提供),238
avGFP,Y66F,1.686284,GFP_data.xlsx (竞赛提供),238
egGFP,S205V,3.080351,GFP_data.xlsx (竞赛提供),238
rfGFP,S65G,0.425539,GFP_data.xlsx (竞赛提供),238
sfGFP,N146D,1.359607,GFP_data.xlsx (竞赛提供),238
avGFP,L221V,0.930391,GFP_data.xlsx (竞赛提供),238
avGFP,K79R,1.305206,GFP_data.xlsx (竞赛提供),238
sfGFP,L109V,1.102765,GFP_data.xlsx (竞赛提供),238
rfGFP,D76N,1.743154,GFP_data.xlsx (竞赛提供),238
avGFP,S65G,0.485484,GFP_data.xlsx (竞赛提供),238
avGFP,E172V,1.508127,GFP_data.xlsx (竞赛提供),238
avGFP,Y145F,0.483415,GFP_data.xlsx (竞赛提供),238
avGFP,Q183R,0.834405,GFP_data.xlsx (竞赛提供),238
avGFP,Q183R,0.536863,GFP_data.xlsx (竞赛提供),238
avGFP,E172V,1.584437,GFP_data.xlsx (竞赛提供),238
rfGFP,R73H,1.318071,GFP_data.xlsx (竞赛提供),238
sfGFP,L109V,1.361402,GFP_data.xlsx (竞赛提供),238
avGFP,S65C,0.671349,GFP_data.xlsx (竞赛提供),238
sfGFP,G101A,1.216882,GFP_data.xlsx (竞赛提供),238
avGFP,N146D,1.841608,GFP_data.xlsx (竞赛提供),238
avGFP,WT,0.931661,GFP_data.xlsx (竞赛提供),238
sfGFP,V163A,1.513904,GFP_data.xlsx (竞赛提供),238
avGFP,Y66F,1.124211,GFP_data.xlsx (竞赛提供),238
avGFP,N185D,0.873946,GFP_data.xlsx (竞赛提供),238
avGFP,V163A,1.937528,GFP_data.xlsx (竞赛提供),238
egGFP,K79R,0.91817,GFP_data.xlsx (竞赛提供),238
avGFP,E222G,2.494497,GFP_data.xlsx (竞赛提供),238
avGFP,D76N,0.362708,GFP_data.xlsx (竞赛提供),238
avGFP,F64L,1.602958,GFP_data.xlsx (竞赛提供),238
avGFP,D76N,1.378397,GFP_data.xlsx (竞赛提供),238
avGFP,F64L,2.395566,GFP_data.xlsx (竞赛提供),238
avGFP,S65C,1.44263,GFP_data.xlsx (竞赛提供),238
avGFP,T203Y,0.22108,GFP_data.xlsx (竞赛提供),238
avGFP,D76G,1.37492,GFP_data.xlsx (竞赛提供),238
avGFP,S65C,1.687934,GFP_data.xlsx (竞赛提供),238
sfGFP,I167T,0.845326,GFP_data.xlsx (竞赛提供),238
avGFP,S65C,1.75921,GFP_data.xlsx (竞赛提供),238
avGFP,R73H,1.170558,GFP_data.xlsx (竞赛提供),238
avGFP,N149K,0.4635,GFP_data.xlsx (竞赛提供),238
avGFP,D180Y,0.95745,GFP_data.xlsx (竞赛提供),238
sfGFP,F99S,1.448673,GFP_data.xlsx (竞赛提供),238
avGFP,R96H,1.220462,GFP_data.xlsx (竞赛提供),238
avGFP,D190N,1.421973,GFP_data.xlsx (竞赛提供),238
rfGFP,Y145F,1.178281,GFP_data.xlsx (竞赛提供),238
rfGFP,F64L,3.430839,GFP_data.xlsx (竞赛提供),238
rfGFP,S65G,0.416551,GFP_data.xlsx (竞赛提供),238
avGFP,Y66H,1.490608,GFP_data.xlsx (竞赛提供),238
sfGFP,I167T,1.808047,GFP_data.xlsx (竞赛提供),238
avGFP,N185D,0.443038,GFP_data.xlsx (竞赛提供),238
egGFP,Y66F,1.43728,GFP_data.xlsx (竞赛提供),238
avGFP,F223S,1.898227,GFP_data.xlsx (竞赛提供),238
avGFP,R96H,0.573374,GFP_data.xlsx (竞赛提供),238
avGFP,F99S,1.062321,GFP_data.xlsx (竞赛提供),238
avGFP,D180Y,0.330728,GFP_data.xlsx (竞赛提供),238
avGFP,M153T,2.992983,GFP_data.xlsx (竞赛提供),238
sfGFP,Y66F,1.417942,GFP_data.xlsx (竞赛提供),238
avGFP,N185D,1.164984,GFP_data.xlsx (竞赛提供),238
avGFP,L109V,0.714782,GFP_data.xlsx (竞赛提供),238
rfGFP,D76G,1.127462,GFP_data.xlsx (竞赛提供),238
avGFP,Y66F,1.651179,GFP_data.xlsx (竞赛提供),238
avGFP,K166Q,1.437171,GFP_data.xlsx (竞赛提供),238
avGFP,N185D,1.528169,GFP_data.xlsx (竞赛提供),238
avGFP,N149K,1.606542,GFP_data.xlsx (竞赛提供),238
rfGFP,S205V,2.439889,GFP_data.xlsx (竞赛提供),238
rfGFP,K238N,0.92927,GFP_data.xlsx (竞赛提供),238
rfGFP,D180Y,0.862276,GFP_data.xlsx (竞赛提供),238
rfGFP,K238N,1.938154,GFP_data.xlsx (竞赛提供),238
avGFP,N185D,0.819685,GFP_data.xlsx (竞赛提供),238
sfGFP,Q183R,0.838767,GFP_data.xlsx (竞赛提供),238
avGFP,F99S,1.891463,GFP_data.xlsx (竞赛提供),238
avGFP,S65T,1.694353,GFP_data.xlsx (竞赛提供),238
avGFP,Q183R,0.9097,GFP_data.xlsx (竞赛提供),238
avGFP,Y145H,0.848336,GFP_data.xlsx (竞赛提供),238
avGFP,S175G,1.494223,GFP_data.xlsx (竞赛提供),238
avGFP,D234N,0.804067,GFP_data.xlsx (竞赛提供),238
sfGFP,Y145F,1.774023,GFP_data.xlsx (竞赛提供),238
avGFP,V163A,1.51037,GFP_data.xlsx (竞赛提供),238
egGFP,R73H,1.404939,GFP_data.xlsx (竞赛提供),238
egGFP,K238N,1.813009,GFP_data.xlsx (竞赛提供),238
avGFP,Q80R,1.28407,GFP_data.xlsx (竞赛提供),238
avGFP,Q183R,0.361102,GFP_data.xlsx (竞赛提供),238
avGFP,R96H,1.96913,GFP_data.xlsx (竞赛提供),238
avGFP,L109V,0.35185,GFP_data.xlsx (竞赛提供),238
sfGFP,D190N,0.912324,GFP_data.xlsx (竞赛提供),238
avGFP,D76N,1.608989,GFP_data.xlsx (竞赛提供),238
rfGFP,L231F,1.077351,GFP_data.xlsx (竞赛提供),238
avGFP,S65C,1.203303,GFP_data.xlsx (竞赛提供),238
avGFP,L236V,0.5352,GFP_data.xlsx (竞赛提供),238
rfGFP,I167T,1.177711,GFP_data.xlsx (竞赛提供),238
avGFP,K166Q,0.977996,GFP_data.xlsx (竞赛提供),238
avGFP,N149K,0.433376,GFP_data.xlsx (竞赛提供),238
avGFP,D76N,0.437484,GFP_data.xlsx (竞赛提供),238
avGFP,Y66H,0.398929,GFP_data.xlsx (竞赛提供),238
avGFP,WT,0.984032,GFP_data.xlsx (竞赛提供),238
avGFP,R96H,0.775888,GFP_data.xlsx (竞赛提供),238
avGFP,I167T,1.417089,GFP_data.xlsx (竞赛提供),238
avGFP,S65G,0.3098,GFP_data.xlsx (竞赛提供),238
avGFP,E222G,1.817293,GFP_data.xlsx (竞赛提供),238
avGFP,L109V,0.497323,GFP_data.xlsx (竞赛提供),238
avGFP,S65G,0.255707,GFP_data.xlsx (竞赛提供),238
avGFP,S65G,0.148917,GFP_data.xlsx (竞赛提供),238
sfGFP,D234N,0.888717,GFP_data.xlsx (竞赛提供),238
avGFP,K166Q,0.3817,GFP_data.xlsx (竞赛提供),238
sfGFP,S65G,0.230447,GFP_data.xlsx (竞赛提供),238
avGFP,Y66W,0.351568,GFP_data.xlsx (竞赛提供),238
avGFP,WT,0.989769,GFP_data.xlsx (竞赛提供),238
avGFP,T225S,0.419967,GFP_data.xlsx (竞赛提供),238
avGFP,F64L,2.671551,GFP_data.xlsx (竞赛提供),238
sfGFP,Y145H,1.451186,GFP_data.xlsx (竞赛提供),238
avGFP,F223S,1.07903,GFP_data.xlsx (竞赛提供),238
rfGFP,K206R,0.956374,GFP_data.xlsx (竞赛提供),238
avGFP,N185D,0.651363,GFP_data.xlsx (竞赛提供),238
avGFP,H148D,0.471323,GFP_data.xlsx (竞赛提供),238
avGFP,F64L,2.736508,GFP_data.xlsx (竞赛提供),238
avGFP,Q80R,0.842259,GFP_data.xlsx (竞赛提供),238
avGFP,Y145F,0.879062,GFP_data.xlsx (竞赛提供),238
avGFP,D180Y,1.477914,GFP_data.xlsx (竞赛提供),238
rfGFP,T225S,0.366617,GFP_data.xlsx (竞赛提供),238
sfGFP,R96H,0.779459,GFP_data.xlsx (竞赛提供),238
avGFP,Y66W,0.38426,GFP_data.xlsx (竞赛提供),238
rfGFP,F223S,1.00145,GFP_data.xlsx (竞赛提供),238
avGFP,F99S,1.286925,GFP_data.xlsx (竞赛提供),238
rfGFP,Q80R,1.759302,GFP_data.xlsx (竞赛提供),238
egGFP,V163A,1.976472,GFP_data.xlsx (竞赛提供),238
rfGFP,K166Q,1.158929,GFP_data.xlsx (竞赛提供),238
avGFP,D234N,0.80598,GFP_data.xlsx (竞赛提供),238
avGFP,N149K,0.318424,GFP_data.xlsx (竞赛提供),238
sfGFP,D180Y,0.903339,GFP_data.xlsx (竞赛提供),238
rfGFP,N146D,1.916032,GFP_data.xlsx (竞赛提供),238
avGFP,N149K,0.441583,GFP_data.xlsx (竞赛提供),238
avGFP,S65G,0.264332,GFP_data.xlsx (竞赛提供),238
egGFP,T105I,1.645684,GFP_data.xlsx (竞赛提供),238
avGFP,E172V,1.140515,GFP_data.xlsx (竞赛提供),238
rfGFP,E172V,0.394981,GFP_data.xlsx (竞赛提供),238
sfGFP,F223S,0.896556,GFP_data.xlsx (竞赛提供),238
rfGFP,F99S,1.469651,GFP_data.xlsx (竞赛提供),238
sfGFP,L231F,1.725417,GFP_data.xlsx (竞赛提供),238
egGFP,K238N,0.423697,GFP_data.xlsx (竞赛提供),238
egGFP,Y145H,0.438293,GFP_data.xlsx (竞赛提供),238
avGFP,D76N,1.288219,GFP_data.xlsx (竞赛提供),238
avGFP,T225S,1.681759,GFP_data.xlsx (竞赛提供),238
rfGFP,S72A,1.580743,GFP_data.xlsx (竞赛提供),238
egGFP,S65C,1.118834,GFP_data.xlsx (竞赛提供),238
avGFP,L231F,1.021177,GFP_data.xlsx (竞赛提供),238
avGFP,Y145F,1.038568,GFP_data.xlsx (竞赛提供),238
avGFP,T225S,1.096723,GFP_data.xlsx (竞赛提供),238
avGFP,G101A,0.499795,GFP_data.xlsx (竞赛提供),238
egGFP,D180Y,1.457767,GFP_data.xlsx (竞赛提供),238
rfGFP,N146D,0.93728,GFP_data.xlsx (竞赛提供),238
sfGFP,R96H,0.680113,GFP_data.xlsx (竞赛提供),238
sfGFP,S65C,1.962431,GFP_data.xlsx (竞赛提供),238
avGFP,T225S,1.814943,GFP_data.xlsx (竞赛提供),238
rfGFP,T105I,0.425454,GFP_data.xlsx (竞赛提供),238
avGFP,F223S,0.428239,GFP_data.xlsx (竞赛提供),238
avGFP,L236V,1.482773,GFP_data.xlsx (竞赛提供),238
rfGFP,I171V,1.484773,GFP_data.xlsx (竞赛提供),238
rfGFP,S65T,1.590893,GFP_data.xlsx (竞赛提供),238
rfGFP,E222G,1.615728,GFP_data.xlsx (竞赛提供),238
avGFP,D76G,1.354225,GFP_data.xlsx (竞赛提供),238
avGFP,Y66F,1.399642,GFP_data.xlsx (竞赛提供),238
avGFP,Y66F,1.292215,GFP_data.xlsx (竞赛提供),238
avGFP,N146D,0.741915,GFP_data.xlsx (竞赛提供),238
avGFP,Y145H,1.211364,GFP_data.xlsx (竞赛提供),238
avGFP,N185D,1.324729,GFP_data.xlsx (竞赛提供),238
avGFP,D234N,1.848576,GFP_data.xlsx (竞赛提供),238
rfGFP,S65C,1.533723,GFP_data.xlsx (竞赛提供),238
rfGFP,L236V,0.440672,GFP_data.xlsx (竞赛提供),238
sfGFP,K166Q,0.376872,GFP_data.xlsx (竞赛提供),238
egGFP,N185D,1.116629,GFP_data.xlsx (竞赛提供),238
avGFP,L236V,1.310022,GFP_data.xlsx (竞赛提供),238
rfGFP,R96H,1.731602,GFP_data.xlsx (竞赛提供),238
avGFP,V163A,1.573644,GFP_data.xlsx (竞赛提供),238
avGFP,WT,1.010934,GFP_data.xlsx (竞赛提供),238
rfGFP,S65G,0.598318,GFP_data.xlsx (竞赛提供),238
egGFP,Q80R,1.906102,GFP_data.xlsx (竞赛提供),238
avGFP,Y66W,0.220542,GFP_data.xlsx (竞赛提供),238
avGFP,Y66H,1.921887,GFP_data.xlsx (竞赛提供),238
avGFP,V163A,3.256441,GFP_data.xlsx (竞赛提供),238
avGFP,S175G,0.908877,GFP_data.xlsx (竞赛提供),238
avGFP,Y66F,1.146881,GFP_data.xlsx (竞赛提供),238
avGFP,S65T,3.204363,GFP_data.xlsx (竞赛提供),238
avGFP,L231F,1.790311,GFP_data.xlsx (竞赛提供),238
avGFP,S205V,1.557565,GFP_data.xlsx (竞赛提供),238
egGFP,V163A,2.778723,GFP_data.xlsx (竞赛提供),238
avGFP,T203Y,0.168186,GFP_data.xlsx (竞赛提供),238
avGFP,L221V,1.30286,GFP_data.xlsx (竞赛提供),238
avGFP,K166Q,0.454704,GFP_data.xlsx (竞赛提供),238
avGFP,L221V,1.173782,GFP_data.xlsx (竞赛提供),238
rfGFP,K79R,0.806531,GFP_data.xlsx (竞赛提供),238
sfGFP,D190N,1.914185,GFP_data.xlsx (竞赛提供),238
avGFP,S65A,1.731555,GFP_data.xlsx (竞赛提供),238
avGFP,S205V,2.418272,GFP_data.xlsx (竞赛提供),238
avGFP,L221V,0.890603,GFP_data.xlsx (竞赛提供),238
avGFP,K206R,0.880657,GFP_data.xlsx (竞赛提供),238
avGFP,L236V,0.517678,GFP_data.xlsx (竞赛提供),238
avGFP,I171V,1.486035,GFP_data.xlsx (竞赛提供),238
avGFP,S65A,0.887634,GFP_data.xlsx (竞赛提供),238
sfGFP,S65T,2.530472,GFP_data.xlsx (竞赛提供),238
avGFP,Q183R,0.626891,GFP_data.xlsx (竞赛提供),238
sfGFP,N149K,0.88664,GFP_data.xlsx (竞赛提供),238
avGFP,D190N,0.450794,GFP_data.xlsx (竞赛提供),238
avGFP,WT,0.975781,GFP_data.xlsx (竞赛提供),238
avGFP,E222G,2.22854,GFP_data.xlsx (竞赛提供),238
avGFP,M153T,2.143166,GFP_data.xlsx (竞赛提供),238
egGFP,Y145F,1.367431,GFP_data.xlsx (竞赛提供),238
avGFP,L236V,0.566862,GFP_data.xlsx (竞赛提供),238
avGFP,D234N,0.770692,GFP_data.xlsx (竞赛提供),238
avGFP,WT,1.008906,GFP_data.xlsx (竞赛提供),238
avGFP,L236V,1.123689,GFP_data.xlsx (竞赛提供),238
egGFP,Y145F,1.203152,GFP_data.xlsx (竞赛提供),238
egGFP,F64L,1.573366,GFP_data.xlsx (竞赛提供),238
avGFP,S72A,1.735549,GFP_data.xlsx (竞赛提供),238
avGFP,K206R,0.482192,GFP_data.xlsx (竞赛提供),238
avGFP,D76G,0.7122,GFP_data.xlsx (竞赛提供),238
egGFP,R96H,0.609883,GFP_data.xlsx (竞赛提供),238
avGFP,E172V,0.659462,GFP_data.xlsx (竞赛提供),238
avGFP,Y145F,0.696468,GFP_data.xlsx (竞赛提供),238
avGFP,V163A,2.858205,GFP_data.xlsx (竞赛提供),238
avGFP,S65T,2.459164,GFP_data.xlsx (竞赛提供),238
avGFP,R73H,1.29763,GFP_data.xlsx (竞赛提供),238
avGFP,Y66F,1.25958,GFP_data.xlsx (竞赛提供),238
avGFP,D190N,0.91724,GFP_data.xlsx (竞赛提供),238
avGFP,Y145F,0.7154,GFP_data.xlsx (竞赛提供),238
avGFP,T225S,1.887276,GFP_data.xlsx (竞赛提供),238
avGFP,L109V,0.921107,GFP_data.xlsx (竞赛提供),238
avGFP,D234N,0.617164,GFP_data.xlsx (竞赛提供),238
avGFP,K166Q,1.824501,GFP_data.xlsx (竞赛提供),238
avGFP,S65T,2.320794,GFP_data.xlsx (竞赛提供),238
rfGFP,R73H,1.824237,GFP_data.xlsx (竞赛提供),238
rfGFP,G101A,1.771362,GFP_data.xlsx (竞赛提供),238
rfGFP,S65C,1.134273,GFP_data.xlsx (竞赛提供),238
avGFP,D76G,1.879939,GFP_data.xlsx (竞赛提供),238
avGFP,V163A,2.453239,GFP_data.xlsx (竞赛提供),238
egGFP,T225S,0.617974,GFP_data.xlsx (竞赛提供),238
avGFP,S65A,1.162938,GFP_data.xlsx (竞赛提供),238
avGFP,E222G,2.72124,GFP_data.xlsx (竞赛提供),238
avGFP,D76G,0.562417,GFP_data.xlsx (竞赛提供),238
avGFP,R73H,1.309601,GFP_data.xlsx (竞赛提供),238
avGFP,S65C,0.528505,GFP_data.xlsx (竞赛提供),238
avGFP,Q80R,0.642942,GFP_data.xlsx (竞赛提供),238
sfGFP,S175G,0.732889,GFP_data.xlsx (竞赛提供),238
avGFP,D76N,0.498383,GFP_data.xlsx (竞赛提供),238
avGFP,V163A,2.323682,GFP_data.xlsx (竞赛提供),238
avGFP,K166Q,1.746237,GFP_data.xlsx (竞赛提供),238
avGFP,L231F,1.885995,GFP_data.xlsx (竞赛提供),238
rfGFP,T203Y,0.190617,GFP_data.xlsx (竞赛提供),238
rfGFP,F223S,1.526714,GFP_data.xlsx (竞赛提供),238
avGFP,H148D,1.651954,GFP_data.xlsx (竞赛提供),238
egGFP,M153T,3.150265,GFP_data.xlsx (竞赛提供),238
sfGFP,D76N,1.430835,GFP_data.xlsx (竞赛提供),238
rfGFP,Y145F,0.837534,GFP_data.xlsx (竞赛提供),238
avGFP,D190N,1.688219,GFP_data.xlsx (竞赛提供),238
egGFP,E172V,1.829435,GFP_data.xlsx (竞赛提供),238
avGFP,D76G,1.045866,GFP_data.xlsx (竞赛提供),238
avGFP,N185D,1.829277,GFP_data.xlsx (竞赛提供),238
avGFP,F64L,3.312944,GFP_data.xlsx (竞赛提供),238
avGFP,E172V,1.897715,GFP_data.xlsx (竞赛提供),238
egGFP,S72A,1.47932,GFP_data.xlsx (竞赛提供),238
sfGFP,V163A,2.490847,GFP_data.xlsx (竞赛提供),238
sfGFP,K166Q,1.640615,GFP_data.xlsx (竞赛提供),238
egGFP,D76G,1.501867,GFP_data.xlsx (竞赛提供),238
egGFP,Y145H,0.357005,GFP_data.xlsx (竞赛提供),238
egGFP,L109V,1.139769,GFP_data.xlsx (竞赛提供),238
avGFP,Y66W,0.510629,GFP_data.xlsx (竞赛提供),238
avGFP,I171V,1.0769,GFP_data.xlsx (竞赛提供),238
egGFP,V163A,1.799835,GFP_data.xlsx (竞赛提供),238
avGFP,L236V,1.612199,GFP_data.xlsx (竞赛提供),238
avGFP,Y145H,1.479712,GFP_data.xlsx (竞赛提供),238
egGFP,R73H,1.31835,GFP_data.xlsx (竞赛提供),238
avGFP,G101A,1.844366,GFP_data.xlsx (竞赛提供),238
avGFP,D76G,1.020115,GFP_data.xlsx (竞赛提供),238
rfGFP,Y145F,0.560697,GFP_data.xlsx (竞赛提供),238
avGFP,V163A,1.701589,GFP_data.xlsx (竞赛提供),238
avGFP,N185D,1.782611,GFP_data.xlsx (竞赛提供),238
avGFP,E222G,3.337501,GFP_data.xlsx (竞赛提供),238
rfGFP,S65G,0.453619,GFP_data.xlsx (竞赛提供),238
egGFP,D190N,0.93654,GFP_data.xlsx (竞赛提供),238
avGFP,Y66H,1.551955,GFP_data.xlsx (竞赛提供),238
sfGFP,S175G,1.848167,GFP_data.xlsx (竞赛提供),238
avGFP,WT,1.001782,GFP_data.xlsx (竞赛提供),238
avGFP,T105I,0.616745,GFP_data.xlsx (竞赛提供),238
rfGFP,Q80R,1.778824,GFP_data.xlsx (竞赛提供),238
avGFP,S175G,0.94482,GFP_data.xlsx (竞赛提供),238
avGFP,Y66H,1.639243,GFP_data.xlsx (竞赛提供),238
avGFP,Y145F,0.976887,GFP_data.xlsx (竞赛提供),238
sfGFP,R96H,1.869032,GFP_data.xlsx (竞赛提供),238
avGFP,S72A,1.553752,GFP_data.xlsx (竞赛提供),238
avGFP,S205V,1.565693,GFP_data.xlsx (竞赛提供),238
avGFP,K79R,0.581373,GFP_data.xlsx (竞赛提供),238
avGFP,K79R,1.626843,GFP_data.xlsx (竞赛提供),238
avGFP,K206R,0.322261,GFP_data.xlsx (竞赛提供),238
avGFP,T105I,1.95842,GFP_data.xlsx (竞赛提供),238
avGFP,D180Y,1.004861,GFP_data.xlsx (竞赛提供),238
avGFP,N146D,0.613587,GFP_data.xlsx (竞赛提供),238
avGFP,S72A,0.41403,GFP_data.xlsx (竞赛提供),238
avGFP,Q80R,1.659629,GFP_data.xlsx (竞赛提供),238
avGFP,Q183R,1.362459,GFP_data.xlsx (竞赛提供),238
avGFP,H148D,1.26023,GFP_data.xlsx (竞赛提供),238
avGFP,F99S,1.513901,GFP_data.xlsx (竞赛提供),238
avGFP,F64L,2.462176,GFP_data.xlsx (竞赛提供),238
avGFP,K166Q,0.563908,GFP_data.xlsx (竞赛提供),238
avGFP,WT,1.005487,GFP_data.xlsx (竞赛提供),238
avGFP,Y66W,0.422,GFP_data.xlsx (竞赛提供),238
avGFP,N185D,0.565459,GFP_data.xlsx (竞赛提供),238
avGFP,S72A,0.346063,GFP_data.xlsx (竞赛提供),238
avGFP,S65T,2.843785,GFP_data.xlsx (竞赛提供),238
avGFP,Y66F,1.659857,GFP_data.xlsx (竞赛提供),238
sfGFP,S65T,2.613443,GFP_data.xlsx (竞赛提供),238
avGFP,Y66F,0.713393,GFP_data.xlsx (竞赛提供),238
avGFP,M153T,3.1137,GFP_data.xlsx (竞赛提供),238
avGFP,I167T,1.435745,GFP_data.xlsx (竞赛提供),238
avGFP,T105I,0.850783,GFP_data.xlsx (竞赛提供),238
avGFP,F99S,0.445365,GFP_data.xlsx (竞赛提供),238
sfGFP,Q80R,0.508721,GFP_data.xlsx (竞赛提供),238
avGFP,N149K,1.016422,GFP_data.xlsx (竞赛提供),238
rfGFP,F64L,2.749523,GFP_data.xlsx (竞赛提供),238
avGFP,T203Y,0.289846,GFP_data.xlsx (竞赛提供),238
avGFP,Q80R,1.712113,GFP_data.xlsx (竞赛提供),238
avGFP,D76N,1.23848,GFP_data.xlsx (竞赛提供),238
sfGFP,L221V,0.673168,GFP_data.xlsx (竞赛提供),238
egGFP,L109V,0.494204,GFP_data.xlsx (竞赛提供),238
avGFP,K166Q,1.820739,GFP_data.xlsx (竞赛提供),238
avGFP,Q183R,0.338198,GFP_data.xlsx (竞赛提供),238
egGFP,M153T,2.897692,GFP_data.xlsx (竞赛提供),238
avGFP,R96H,0.536905,GFP_data.xlsx (竞赛提供),238
avGFP,K206R,0.52487,GFP_data.xlsx (竞赛提供),238
avGFP,H148D,0.762922,GFP_data.xlsx (竞赛提供),238
sfGFP,T203Y,0.364831,GFP_data.xlsx (竞赛提供),238
avGFP,D190N,0.765894,GFP_data.xlsx (竞赛提供),238
avGFP,S205V,2.49493,GFP_data.xlsx (竞赛提供),238
avGFP,E222G,1.521992,GFP_data.xlsx (竞赛提供),238
avGFP,T105I,0.753047,GFP_data.xlsx (竞赛提供),238
avGFP,Y145H,1.320879,GFP_data.xlsx (竞赛提供),238
avGFP,S72A,1.724782,GFP_data.xlsx (竞赛提供),238
avGFP,T105I,1.18216,GFP_data.xlsx (竞赛提供),238
avGFP,F64L,2.976067,GFP_data.xlsx (竞赛提供),238
egGFP,R73H,0.416024,GFP_data.xlsx (竞赛提供),238
avGFP,T203Y,0.277836,GFP_data.xlsx (竞赛提供),238
avGFP,E172V,1.913822,GFP_data.xlsx (竞赛提供),238
rfGFP,L236V,0.529502,GFP_data.xlsx (竞赛提供),238
avGFP,N185D,1.217733,GFP_data.xlsx (竞赛提供),238
avGFP,N149K,0.387424,GFP_data.xlsx (竞赛提供),238
avGFP,T225S,1.359665,GFP_data.xlsx (竞赛提供),238
avGFP,F64L,1.650276,GFP_data.xlsx (竞赛提供),238
avGFP,S205V,2.909851,GFP_data.xlsx (竞赛提供),238
avGFP,S175G,0.718883,GFP_data.xlsx (竞赛提供),238
avGFP,S65T,1.504679,GFP_data.xlsx (竞赛提供),238
avGFP,K166Q,0.475259,GFP_data.xlsx (竞赛提供),238
avGFP,D76N,1.859433,GFP_data.xlsx (竞赛提供),238
rfGFP,S205V,2.392012,GFP_data.xlsx (竞赛提供),238
avGFP,L236V,1.92889,GFP_data.xlsx (竞赛提供),238
egGFP,N149K,1.671154,GFP_data.xlsx (竞赛提供),238
egGFP,Q80R,1.383294,GFP_data.xlsx (竞赛提供),238
avGFP,Y66F,1.132022,GFP_data.xlsx (竞赛提供),238
avGFP,V163A,1.603192,GFP_data.xlsx (竞赛提供),238
avGFP,Y145F,1.499478,GFP_data.xlsx (竞赛提供),238
rfGFP,S72A,1.244871,GFP_data.xlsx (竞赛提供),238
rfGFP,L109V,0.357708,GFP_data.xlsx (竞赛提供),238
avGFP,S72A,1.871474,GFP_data.xlsx (竞赛提供),238
egGFP,Q80R,1.56661,GFP_data.xlsx (竞赛提供),238
avGFP,E172V,1.188139,GFP_data.xlsx (竞赛提供),238
avGFP,E172V,1.313659,GFP_data.xlsx (竞赛提供),238
avGFP,F223S,1.117805,GFP_data.xlsx (竞赛提供),238
avGFP,S65T,2.17975,GFP_data.xlsx (竞赛提供),238
avGFP,Q80R,0.835994,GFP_data.xlsx (竞赛提供),238
egGFP,S65A,0.841879,GFP_data.xlsx (竞赛提供),238
avGFP,F99S,1.025589,GFP_data.xlsx (竞赛提供),238
avGFP,L231F,0.341481,GFP_data.xlsx (竞赛提供),238
rfGFP,D190N,0.300404,GFP_data.xlsx (竞赛提供),238
avGFP,V163A,3.378135,GFP_data.xlsx (竞赛提供),238
avGFP,F223S,0.316125,GFP_data.xlsx (竞赛提供),238
egGFP,H148D,0.983283,GFP_data.xlsx (竞赛提供),238
avGFP,L231F,1.785251,GFP_data.xlsx (竞赛提供),238
avGFP,L236V,0.455889,GFP_data.xlsx (竞赛提供),238
avGFP,E172V,1.544862,GFP_data.xlsx (竞赛提供),238
avGFP,S65T,2.094006,GFP_data.xlsx (竞赛提供),238
egGFP,S65A,1.301485,GFP_data.xlsx (竞赛提供),238
avGFP,D234N,1.979128,GFP_data.xlsx (竞赛提供),238
avGFP,Y66H,0.965771,GFP_data.xlsx (竞赛提供),238
avGFP,S65A,1.914934,GFP_data.xlsx (竞赛提供),238
avGFP,D76N,1.009887,GFP_data.xlsx (竞赛提供),238
avGFP,K238N,1.836331,GFP_data.xlsx (竞赛提供),238
avGFP,L221V,1.984987,GFP_data.xlsx (竞赛提供),238
rfGFP,Y66F,1.404399,GFP_data.xlsx (竞赛提供),238
avGFP,T225S,0.379807,GFP_data.xlsx (竞赛提供),238
avGFP,Y145F,1.927359,GFP_data.xlsx (竞赛提供),238
sfGFP,S65C,1.370622,GFP_data.xlsx (竞赛提供),238
sfGFP,Q80R,1.877179,GFP_data.xlsx (竞赛提供),238
avGFP,D190N,1.135017,GFP_data.xlsx (竞赛提供),238
avGFP,S205V,3.131666,GFP_data.xlsx (竞赛提供),238
avGFP,D76G,1.571382,GFP_data.xlsx (竞赛提供),238
avGFP,R96H,1.286147,GFP_data.xlsx (竞赛提供),238
avGFP,L221V,0.964989,GFP_data.xlsx (竞赛提供),238
avGFP,N146D,0.37544,GFP_data.xlsx (竞赛提供),238
sfGFP,L221V,1.676177,GFP_data.xlsx (竞赛提供),238
rfGFP,S175G,1.549862,GFP_data.xlsx (竞赛提供),238
avGFP,L221V,0.93357,GFP_data.xlsx (竞赛提供),238
avGFP,Y66F,0.382932,GFP_data.xlsx (竞赛提供),238
avGFP,F99S,0.674311,GFP_data.xlsx (竞赛提供),238
sfGFP,V163A,3.482951,GFP_data.xlsx (竞赛提供),238
sfGFP,S175G,1.177334,GFP_data.xlsx (竞赛提供),238
avGFP,S65T,2.856032,GFP_data.xlsx (竞赛提供),238
sfGFP,Y145H,1.547647,GFP_data.xlsx (竞赛提供),238
egGFP,K79R,1.419368,GFP_data.xlsx (竞赛提供),238
avGFP,N185D,0.57268,GFP_data.xlsx (竞赛提供),238
sfGFP,V163A,2.894943,GFP_data.xlsx (竞赛提供),238
avGFP,D190N,1.488284,GFP_data.xlsx (竞赛提供),238
sfGFP,S72A,1.934236,GFP_data.xlsx (竞赛提供),238
sfGFP,I171V,0.519079,GFP_data.xlsx (竞赛提供),238
avGFP,K206R,1.844792,GFP_data.xlsx (竞赛提供),238
sfGFP,F99S,1.714628,GFP_data.xlsx (竞赛提供),238
avGFP,H148D,0.628326,GFP_data.xlsx (竞赛提供),238
avGFP,V163A,3.462372,GFP_data.xlsx (竞赛提供),238
avGFP,S205V,2.253391,GFP_data.xlsx (竞赛提供),238
sfGFP,K79R,0.518363,GFP_data.xlsx (竞赛提供),238
egGFP,N149K,1.220153,GFP_data.xlsx (竞赛提供),238
sfGFP,Q183R,0.966657,GFP_data.xlsx (竞赛提供),238
rfGFP,V163A,1.705019,GFP_data.xlsx (竞赛提供),238
avGFP,S65A,1.610452,GFP_data.xlsx (竞赛提供),238
avGFP,S65A,1.503893,GFP_data.xlsx (竞赛提供),238
egGFP,L109V,1.105076,GFP_data.xlsx (竞赛提供),238
avGFP,L109V,0.377761,GFP_data.xlsx (竞赛提供),238
rfGFP,M153T,3.437756,GFP_data.xlsx (竞赛提供),238
avGFP,R73H,1.310473,GFP_data.xlsx (竞赛提供),238
avGFP,E222G,1.544247,GFP_data.xlsx (竞赛提供),238
avGFP,S65C,1.691936,GFP_data.xlsx (竞赛提供),238
avGFP,T203Y,0.322951,GFP_data.xlsx (竞赛提供),238
avGFP,K238N,1.905316,GFP_data.xlsx (竞赛提供),238
avGFP,F223S,0.57816,GFP_data.xlsx (竞赛提供),238
avGFP,H148D,0.675308,GFP_data.xlsx (竞赛提供),238
egGFP,F64L,1.960107,GFP_data.xlsx (竞赛提供),238
avGFP,T203Y,0.575432,GFP_data.xlsx (竞赛提供),238
avGFP,L231F,1.543159,GFP_data.xlsx (竞赛提供),238
avGFP,L236V,1.385494,GFP_data.xlsx (竞赛提供),238
egGFP,S65C,1.051908,GFP_data.xlsx (竞赛提供),238
avGFP,WT,0.990803,GFP_data.xlsx (竞赛提供),238
avGFP,D76G,0.662278,GFP_data.xlsx (竞赛提供),238
egGFP,R96H,1.256675,GFP_data.xlsx (竞赛提供),238
avGFP,L231F,1.945929,GFP_data.xlsx (竞赛提供),238
avGFP,K238N,0.45498,GFP_data.xlsx (竞赛提供),238
egGFP,Y66F,1.736131,GFP_data.xlsx (竞赛提供),238
avGFP,S72A,0.523116,GFP_data.xlsx (竞赛提供),238
rfGFP,K79R,1.348306,GFP_data.xlsx (竞赛提供),238
avGFP,K238N,0.302094,GFP_data.xlsx (竞赛提供),238
avGFP,S72A,1.465461,GFP_data.xlsx (竞赛提供),238
avGFP,R73H,0.683418,GFP_data.xlsx (竞赛提供),238
avGFP,L109V,0.757289,GFP_data.xlsx (竞赛提供),238
avGFP,K79R,1.973397,GFP_data.xlsx (竞赛提供),238
avGFP,S205V,1.644894,GFP_data.xlsx (竞赛提供),238
avGFP,F99S,1.320035,GFP_data.xlsx (竞赛提供),238
avGFP,Q183R,1.587001,GFP_data.xlsx (竞赛提供),238
rfGFP,D76G,1.531285,GFP_data.xlsx (竞赛提供),238
avGFP,K79R,0.474747,GFP_data.xlsx (竞赛提供),238
avGFP,K238N,1.14811,GFP_data.xlsx (竞赛提供),238
avGFP,L109V,0.888228,GFP_data.xlsx (竞赛提供),238
avGFP,S175G,0.854984,GFP_data.xlsx (竞赛提供),238
avGFP,F64L,3.265067,GFP_data.xlsx (竞赛提供),238
avGFP,K166Q,0.433583,GFP_data.xlsx (竞赛提供),238
avGFP,L109V,1.961693,GFP_data.xlsx (竞赛提供),238
avGFP,Y145F,1.660997,GFP_data.xlsx (竞赛提供),238
avGFP,L221V,1.439655,GFP_data.xlsx (竞赛提供),238
avGFP,S175G,1.501009,GFP_data.xlsx (竞赛提供),238
avGFP,S65C,1.348228,GFP_data.xlsx (竞赛提供),238
avGFP,I171V,1.505403,GFP_data.xlsx (竞赛提供),238
rfGFP,Y66F,1.363018,GFP_data.xlsx (竞赛提供),238
avGFP,G101A,1.685203,GFP_data.xlsx (竞赛提供),238
avGFP,S72A,1.240102,GFP_data.xlsx (竞赛提供),238
sfGFP,S65C,1.068941,GFP_data.xlsx (竞赛提供),238
avGFP,S65T,1.827999,GFP_data.xlsx (竞赛提供),238
avGFP,M153T,1.620704,GFP_data.xlsx (竞赛提供),238
avGFP,Q80R,1.114774,GFP_data.xlsx (竞赛提供),238
rfGFP,N149K,0.872723,GFP_data.xlsx (竞赛提供),238
sfGFP,Y66F,1.037214,GFP_data.xlsx (竞赛提供),238
avGFP,Q183R,1.244118,GFP_data.xlsx (竞赛提供),238
avGFP,F99S,0.864935,GFP_data.xlsx (竞赛提供),238
