agg,doi,genbank,ipg_id,name,pdb,pdb.0,pdb.1,pdb.2,pdb.3,pdb.4,pdb.5,seq,slug,states.0.brightness,states.0.em_max,states.0.ex_max,states.0.ext_coeff,states.0.lifetime,states.0.maturation,states.0.name,states.0.pka,states.0.qy,states.0.slug,states.1.brightness,states.1.em_max,states.1.ex_max,states.1.ext_coeff,states.1.lifetime,states.1.maturation,states.1.name,states.1.pka,states.1.qy,states.1.slug,switch_type,transitions.0.from_state,transitions.0.to_state,transitions.0.trans_wave,transitions.1.from_state,transitions.1.to_state,transitions.1.trans_wave,uniprot,uuid
,10.1002/cbic.200300818,,,(3-F)Tyr-EGFP,,1RRX,,,,,,SKGEELFTGVVPILVELDGDVNGHKFSVSGEGEGDATYGKLTLKFICTTGKLPVPWPTLVTTLGYGVQCFSRYPDHMKQHDFFKSAMPEGYVQERTIFFKDDGNYKTRAEVKFEGDTLVNRIELKGIDFKEDGNILGHKLEYNYNSHNVYIMADKQKNGIKVNFKIRHNIEDGSVQLADHYQQNTPIGDGPVLLPDNHYLSTQSALSKDPNEKRDHMVLLEFVTAAGI,3-ftyr-egfp,,514,484,,,,default,,,3-ftyr-egfp_default,,,,,,,,,,,b,,,,,,,,2VPWT
t,10.1371/journal.pone.0002680,AAU06848,3620743,aacuGFP1,,,,,,,,MSLSKHGITQEMPTKYHMKGSVNGHEFEIEGVGTGHPYEGTHMAELVIIKPAGKPLPFSFDILSTVIQYGNRCFTKYPADLPDYFKQAYPGGMSYERSFVYQDGGIATASWNVGLEGNCFIHKSTYLGVNFPADGPVMTKKTIGWDKAFEKMTGFNEVLRGDVTEFLMLEGGGYHSCQFHSTYKPEKPVELPPNHVIEHHIVRTDLGKTAKGFMVKLVQHAAAHVNPLKVQ,aacugfp1,22.51,502,478,36900,,,default,,0.61,aacugfp1_default,,,,,,,,,,,b,,,,,,,Q66PV6,498LC
t,10.1371/journal.pone.0002680,AAU06845,3620755,aacuGFP2,,,,,,,,MSYSKQGIVQEMKTKYRMEGSVNGHEFTIEGVGTGYPYEGKQMSELVIIKPKGKPLPFSFDILSSVFQYGNRCFTKYPADMPDYFKQAFPDGMSYERSFLFEDGAVATASWNIRLEGNCFIHNSIFHGVNFPADGPVMKKKTIGWDKSFEKMTVSKEVLRGDVTMFLMLEGGGYHRCQFHSTYKTEKPVELPPNHVVEHQIVRTDLGQSAKGFTVKLEAHAAAHVNPLKVQ,aacugfp2,66.67,513,502,93900,,,default,,0.71,aacugfp2_default,,,,,,,,,,,b,,,,,,,Q66PV9,3W5ZV
d,10.1101/677344,,,AausGFP,,,,,,,,MKIYCEGEKLFKGIVPIQIELNGDVNGHKFSVHGEGQGEAEMGRLTLRFVCTTGKMPVPWPTLVTTFSYGVQCFSRYPEHMKMHDFFKSAMPEGYTQERTIFFDKDGTYKTRAEVKFEGDTLVNRIELTGTGFKEDGNILGHKMEYNYNSHNVYIMSDKAKNGIKVNFKIRHNIEDGTVQLADHYQANYPLGKGPVLLPEDHYLSTQSALTKDPHETRDHMLLLEFVTAAGITHGMDELYK,aausgfp,21.17,503,398,29000,,,default,4.8,0.73,aausgfp_default,,,,,,,,,,,b,,,,,,,,D7QYG
m,10.1074/jbc.m109.092320,AAN41637,1780484,aceGFP,,3LVA,,,,,,MSKGAELFTGIVPILIELNGDVNGHKFSVSGEGEGDATYGKLTLKFICTTGKLPVPWPTLVTTLSYGVQCFSRYPDHMKQHDFFKSAMPEGYIQERTIFFEDDGNYKSRAEVKFEGDTLVNRIELTGTDFKEDGNILGNKMEYNYNAHNVYIMTDKAKNGIKVNFKIRHNIEDGSVQLADHYQQNTPIGDGPVLLPDNHYLSTQSALSKDPNEKRDHMIYFGFVTAAAITHGMDELYK,acegfp,27.5,505,480,50000,,,default,,0.55,acegfp_default,,,,,,,,,,,b,,,,,,,Q6YGZ0,GQRF2
m,10.1074/jbc.m109.092320,,,aceGFP-G222E-Y220L,,,,,,,,MSKGAELFTGIVPILIELNGDVNGHKFSVSGEGEGDATYGKLTLKFICTTGKLPVPWPTLVTTLSYGVQCFSRYPDHMKQHDFFKSAMPEGYIQERTIFFEDDGNYKSRAEVKFEGDTLVNRIELTGTDFKEDGNILGNKMEYNYNAHNVYIMTDKAKNGIKVNFKIRHNIEDGSVQLADHYQQNTPIGDGPVLLPDNHYLSTQSALSKDPNEKRDHMILFEFVTAAAITHGMDELYK,acegfp-g222e-y220l,,508,396,,,,default,,,acegfp-g222e-y220l_default,,,,,,,,,,,b,,,,,,,,DH5VX
,10.1042/bj20021966,AAP69597,1780523,aceGFP-h,,,,,,,,SKGAELFTGIVPILIELNGDVNGHKFSVSGEGEGDATYGKLTLKFICTTGKLPVPWPTLVTTLSYGVQCFSRYPDHMKQHDFFKSAMPEGYIQERTIFFEDDGNYKSRAEVKFEGDTLVNRIELTGTDFKEDGNILGNKMEYNYNAHNVYIMTDKAKNGIKVNFKIRHNIEDGSVQLADHYQQNTPIGDGPVLLPDNHYLSTQSALSKDPNEKRDHMIYFGFVTAAAITHGMDELYK,acegfp-h,,505,390,,,,default,,,acegfp-h_default,,,,,,,,,,,b,,,,,,,,WBLSA
wd,,,,AcGFP1,,,,,,,,MVSKGAELFTGIVPILIELNGDVNGHKFSVSGEGEGDATYGKLTLKFICTTGKLPVPWPTLVTTLSYGVQCFSRYPDHMKQHDFFKSAMPEGYIQERTIFFEDDGNYKSRAEVKFEGDTLVNRIELTGTDFKEDGNILGNKMEYNYNAHNVYIMTDKAKNGIKVNFKIRHNIEDGSVQLADHYQQNTPIGDGPVLLPDNHYLSTQSALSKDPNEKRDHMIYFGFVTAAAITHGMDELYK,acgfp1,27.5,505,475,50000,,,default,,0.55,acgfp1_default,,,,,,,,,,,b,,,,,,,,6ORKJ
t,10.1371/journal.pone.0002680,ACD13192,14926073,aeurGFP,,,,,,,,MSYSKQGIVQEMKTKYHMEGSVNGHEFTIEGVATGYPYEGKQMSELVIIKPKGKPLPFSFDILSSVFQYGNRCFTKYPADIPDYFKQAFPDGMSYERSFLFEDGAVATASWNIRLEGNCFIHNSIFHGVNFPADGPVMKKQTIGWDKSFEKMTVSKEVLRGDVTMFLMLEGGGYHRCQFHSTYKTEKPVTLPPNHVVEHQIVRTDLGQSAKGFTVKLEALAAAHVNPLKVQ,aeurgfp,97.62,515,504,145700,,,default,,0.67,aeurgfp_default,,,,,,,,,,,b,,,,,,,B6CTZ3,4NRYW
t,10.1371/journal.pone.0002680,AAU06857,3620756,afraGFP,,,,,,,,MSVIVKEMMTKLHMEGTVNGHAFTIEGKGKGDPYNGVQSMNLDVKGGAPLPFSFDLLTPAFMYGNRVFTKYPEDIPDFFKQVFPEGYHWERSITFEDQAVCTATSHIRLDQKEMCFIYDVRFHGVNFPANGPIMQKKILGWEPSTEKMYARDGVLKGDVNMTLRVEGGGHYRADFRTTYKAKKPVNLPGYHFIDHRIEITKHSKDYTNVALYEAAVARHSPLPKVA,afragfp,61.49,503,494,100800,,,default,,0.61,afragfp_default,,,,,,,,,,,b,,,,,,,Q66PU5,T5A9C
t,10.1021/bp034308g,AAS18270,2033734,alajGFP1,,,,,,,,MSLSKQVIGKEMNMTYLMDGSVNGHNFTVEGEGDGKPYEGHQCLKLRITKGEPLPFAFDILTAAFCYGNRCFVNYPAEIADYFKQAFPEGLTWERSMTFEDGGFAAVSADISLNGNCFVHQSKFVGVNFPADGPVMQKKTVGWEPSTEKMIVRDGILEGDVTMYLKLEGGGNYRCEYRTIYKAKKDVKMPKSHFVEHTLVRNNIKKDAKGNTIELIEDASARY,alajgfp1,,517,509,,,,default,,,alajgfp1_default,,,,,,,,,,,b,,,,,,,Q6R8F5,LBAXM
t,10.1021/bp034308g,AAS18271,2033714,alajGFP2,,,,,,,,MVLSKQMNMTYLMDGSVNGHNFTVEGEGDGKPYEGHQCLKLRITKGEPLPFAFDILTAAFCYGNRCFVNYPAEIADYFKQAFPEGLTWERSMTFEDGGFAAVSADLSLKNGNWFVHQSKFVGVNFPADGPVMQKKTVGWEPSTEKMIVRDGTLEGDVTMYLKLEGGGNYRCDYRTIYKAKKDVKMPKSHFVEHTLVRNNIKKDAKGNTIELIEDASARY,alajgfp2,,517,509,,,,default,,,alajgfp2_default,,,,,,,,,,,b,,,,,,,Q6R8F4,RFJ23
t,10.1021/bp034308g,AAS18272,2033751,alajGFP3,,,,,,,,MALSKQEIKKEMTMDYVMDGCVNGHSFTVKGDGAGKPYEGHQRLSLHVTGGQPLPFAFDILSAAFAYGNRCFTKYPKEIPDMFKQAFPGGMSWERTMTFEDGGVASVSADISIEKDGCFKHRSKFVGVNFPVNGPVMQNKTRGWEPSIEKMTVRDGTLKGHVTMFLKLEGGGNYRCDFETTYKAKKAVKMLDSHFIEHRLVTTIRGNNVELQEDAEARNSGLGECK,alajgfp3,,504,494,,,,default,,,alajgfp3_default,,,,,,,,,,,b,,,,,,,Q6R8F3,V25UH
t,10.1038/13657,AAF03371,1173879,amFP486,,2A46,,,,,,MALSNKFIGDDMKMTYHMDGCVNGHYFTVKGEGNGKPYEGTQTSTFKVTMANGGPLAFSFDILSTVFKYGNRCFTAYPTSMPDYFKQAFPDGMSYERTFTYEDGGVATASWEISLKGNCFEHKSTFHGVNFPADGPVMAKKTTGWDPSFEKMTVCDGILKGDVTAFLMLQGGGNYRCQFHTSYKTKKPVTMPPNHVVEHRIARTDLDKGGNSVQLTEHAVAHITSVVPF,amfp486,9.6,486,458,40000,,,default,,0.24,amfp486_default,,,,,,,,,,,b,,,,,,,Q9U6Y6,1M48O
t,10.1002/jemt.20410,AAU06846,3620747,amilFP513,,,,,,,,MSYSKQGIVQEMKTKYHMEGSVNGHEFTIEGVGTGYPYEGKQMSELVIIKPAGKPLPFSFDILSSVFQYGNRCFTKYPADMPDYFKQAFPDGMSYERSFLFEDGAVATASWNIRLEGNCFIHKSIFHGVNFPADGPVMKKKTIDWDKSFEKMTVSKEVLRGDVTMFLMLEGGGSHRCQFHSTYKTEKPVTLPPNHVVEHQIVRTDLGQSAKGFTVKLEAHAAAHVNPLKVK,amilfp513,50.38,513,504,75200,,,default,,0.67,amilfp513_default,,,,,,,,,,,b,,,,,,,Q66PV8,LO7EL
,10.1371/journal.pone.0002680,AY646067,,amilGFP,,,,,,,,MSYSKHGIVQEMKTKYHMEGSVNGHEFTIEGVGTGYPYEGKQMSELVIIKPAGKPLPFSFDILSSVFQYGNRCFTKYPADMPDYFKQAFPDGMSYERSFLFEDGAVATASWNIRLEGNCFIHKSIFHGVNFPADGPVMKKKTIDWDKSFEKMTVSKEVLRGDVTMFLMLEGGGSHRCQFHSTYKTEKPVTLPPNHVVEHQIVRTDLGQSAKGFTVKLEAHAAAHVNPLKVK,amilgfp,50.38,512,503,75200,,,default,,0.67,amilgfp_default,,,,,,,,,,,b,,,,,,,,8TF9W
d,10.1093/molbev/msh079,AAR85350,1978515,anm1GFP1,,,,,,,,MNVMRYNRGFCRVLQNGVKNLRSRNCSTEEKPVILGAMTETFQKKLPYKLELDGDVDGQTFKVIGEGVGDATTGVIEGKYVCTEGEVPISWVSLITSLSYGAKCFVRYPNEINDFFKSTFPSGYHQERKITYENDGVLETAAKITMESGAIVNRINVKGTGFDKDGHVCQKNLESSPPSTTYVVPEGEGIRIIYRNIYPTKDGHYVVADTQQVNRPIRAQGTSAIPTYHHIKSKVDLSTDPEENKDHIIIKETNCAFDADFS,anm1gfp1,48.75,495,475,75000,,,default,,0.65,anm1gfp1_default,,,,,,,,,,,b,,,,,,,Q6RYS6,S1U3D
d,10.1093/molbev/msh079,AAR85351,1978498,anm1GFP2,,,,,,,,MAEYFEKPLPYKVELEGDVDGQKFTVIGEGQGDASTGRVEGKYVCTKGEVPISWVSLITSLSYGGKCFVRYPNVIKDFFKSTFPTGYHQERKITYEDDGVLETAAKVTLESGAIYNRISVKGVGFKKDGNVCKKRLHSSPPQVSYVVPYGEGIRVLYSNIYPTKDGGYVVADTRQVNRPIKAEGKSAIPKYHYIKSKIDLSTDPNERKDHIIIKEVNVASGIDFS,anm1gfp2,,504,490,,,,default,,,anm1gfp2_default,,,,,,,,,,,b,,,,,,,Q6RYS5,YV34T
t,10.1371/journal.pone.0002680,AAU06847,3620741,anobGFP,,,,,,,,MSYSKQGIAQEMKTKYHMEGSVNGHEFTIEGVGTGYPYEGKQMSELVIIKPAGKPLPFSFDILSSVFQYGNRCFTKYPADMPDYFKQAFPDGMSYERSFLFEDGAVATASWKIRLEGNCFIHNSIFNGVNFPADGPVMEKKTIGWDKSFEKMTVSKEVLRGDVTMFLMLEGGGSHRCQFHSTYKTEKPVTLPPNHVVEHQIVRTDLGQSAKGFTVKLEAHAAAHVNPLKVK,anobgfp,57.72,511,502,96200,,,default,,0.6,anobgfp_default,,,,,,,,,,,b,,,,,,,Q66PV7,W1X8H
d,10.1073/pnas.97.26.14091,AAG41205,188043,asFP499,,2C9I,,,,,,MYPSIKETMRVQLSMEGSVNYHAFKCTGKGEGKPYEGTQSLNITITEGGPLPFAFDILSHAFQYGIKVFAKYPKEIPDFFKQSLPGGFSWERVSTYEDGGVLSATQETSLQGDCIICKVKVLGTNFPANGPVMQKKTCGWEPSTETVIPRDGGLLLRDTPALMLADGGHLSCFMETTYKSKKEVKLPELHFHHLRMEKLNISDDWKTVEQHESVVASYSQVPSKLGHN,asfp499,,499,480,,,,default,,,asfp499_default,,,,,,,,,,,b,,,,,,,Q9GPI6,5W398
d,10.1016/0378-1119(92)90691-h,AAA27721,1266562,avGFP,,1GFL,,,,,,MSKGEELFTGVVPILVELDGDVNGHKFSVSGEGEGDATYGKLTLKFICTTGKLPVPWPTLVTTFSYGVQCFSRYPDHMKQHDFFKSAMPEGYVQERTIFFKDDGNYKTRAEVKFEGDTLVNRIELKGIDFKEDGNILGHKLEYNYNSHNVYIMADKQKNGIKVNFKIRHNIEDGSVQLADHYQQNTPIGDGPVLLPDNHYLSTQSALSKDPNEKRDHMVLLEFVTAAGITHGMDELYK,avgfp,19.75,509,395,25000,,,default,4.5,0.79,avgfp_default,,,,,,,,,,,mp,,,,,,,P42212,1XF1B
,10.1016/j.bbrc.2005.04.166,,,avGFP454,,,,,,,,MSKGEELFTGVVPILVELDGDVNGHKFSVSGEGEGDATYGKLTLKFICTTGKLPVPWPTLVTTFSYAVQCFSRYPDHMKQHDFFKSAMPEGYVQERTIFFKDDGNYKTRAEVKFEGDTLVNRIELKGIDFKEDGNILGHKLEYNYNSHNVYIMADKQKNGIKVNFKIRHNIEDGSVQLADHYQQNTPIGDGPVLLPDNHYLSTQSALSKDPNEKRDHMVLLEFVTAAGITHGMDELYK,avgfp454,,454,410,,,,default,,,avgfp454_default,,,,,,,,,,,b,,,,,,,,T4B2J
,10.1515/bc.2004.038,,,avGFP480,,1RM9,,,,,,VSKGEELFTGVVPILVELDGDVNGHKFSVSGEGEGDATYGKLTLKFICTTGKLPVPWPTLVTTLGYGVQCFSRYPDHMKRHDFFKSAMPEGYVQERTIFFKDDGNYKTRAEVKFEGDTLVNRIELKGIDFKEDGNILGHKLEYNYISHNVYITADKQKNGIKANFKIRHNIEDGSVQLADHYQQNTPIGDGPVLLPDNHYLSTQSALSKDPNEKRDHMVLLEFVTAAGITLGMDELYK,avgfp480,,480,456,,,,default,,,avgfp480_default,,,,,,,,,,,b,,,,,,,,QPRJJ
,10.1515/bc.2004.038,,,avGFP509,,1RMP,,,,,,,avgfp509,,509,487,,,,default,,,avgfp509_default,,,,,,,,,,,b,,,,,,,,WL2YR
,10.1515/bc.2004.038,,,avGFP510,,1RMM,,,,,,,avgfp510,,510,488,,,,default,,,avgfp510_default,,,,,,,,,,,b,,,,,,,,PEHFX
,10.1002/cbic.200300818,,,avGFP514,,,,,,,,,avgfp514,,514,484,,,,default,,,avgfp514_default,,,,,,,,,,,b,,,,,,,,G413J
,10.1093/emboj/20.21.5853,,,avGFP523,,1H6R,,,,,,,avgfp523,,523,512,,,,default,6.05,,avgfp523_default,,,,,,,,,,,b,,,,,,,,WPR7G
d,10.1038/srep05469,,,bfloGFPa1,,,,,,,,MPLPATHDIHLHGSINGHEFDMVGGGKGDPNAGSLVTTAKSTKGALKFSPYLMIPHLGYGYYQYLPYPDGPSPFQVSMLEGSGYAVYRVFDFEDGGKLSTEFKYSYEGSHIKADMKLMGSGFPDDGPVMTSQIVDQDGCVSKKTYLNNNTIVDSFDWSYNLQNGKRYRARVSSHYIFDKPFSADLMKKQPVFVYRKCHVKATKTEVTLDEREKAFYELA,bflogfpa1,120.9,512,500,120900,,,default,3.0,1.0,bflogfpa1_default,,,,,,,,,,,b,,,,,,,,6BXQP
d,10.1038/srep05469,,,bfloGFPc1,,4DKM,,,,,,LPTTHEVHVYGSINGVEFDLVGSGKGNPKDGSEEIQVKSTKGPLGFSPYIVVPNIGYGFHQYLPFPDGMSPFQAAADDGSGYVVHRTIQFEDGASLTGNYRYSYDGGHIKGEFHVVGSGFPADGPVMTKSLTAVDWSVATMLFPNDTTVVSTIDWTCPTTSGKRYHATLRTNYTFAKPIAATILQKQPMFVFRKTEVKASDAEINLKEWQKAFHDL,bflogfpc1,0.15,521,493,98800,,,default,,0.0015,bflogfpc1_default,,,,,,,,,,,b,,,,,,,,7AJCQ
,10.1038/nature09554,,,C3PA-GFP,,,,,,,,MVSKGEELFTGVVPILVELDGDVNGHKFSVSGEGEGDATYGKLTLKFICTTGKLPVPWPTLVTTFSYGVQCFSRYPDHMKQHDFFKSAMPEGYVQERTISFKDDGNYKTRAEVKFEGDTLVNRIELKGIDFKEDGNILGHKLEYNYNSHNVYITADKQKNGIKANFKIRHNIEDGSVQLADHYQQNTPIGDGPVLLPDNHYLSHQSALSKDPNEKRDHMVLLEFVTAAGITLGMDELYK,c3pa-gfp,,,,,,,,,,,,,,,,,,,,,pa,,,,,,,,KC7P7
t,10.1007/s10126-007-9072-7,AAZ14788,4535146,ccalGFP1,,,,,,,,MSLSKQVVKEDMKMTYHMDGCVNGHYFTIEGEGTGKPFKGQKTLKLRVTEGGPLPFAFDILSATFTYGNRCFCDYPEDMPDYFKQSLPEGYSWERTMMYEDGACGTASAHISLDKNGFVHNSTFHGVNFPANGPVMKKKGVNWEPSSEKITACDGILKGDVTMFLVLEGGHRLKCLFQTTYKADKVVKMPPNHIIEHRLVRSEDGDAVQIQEHAVAKYFTV,ccalgfp1,35.88,517,504,78000,,,default,,0.46,ccalgfp1_default,,,,,,,,,,,b,,,,,,,Q1ALD4,T41NE
t,10.1007/s10126-007-9072-7,ABI58282,6067037,ccalGFP3,,,,,,,,MSLSKQVVKQDMNMTYHMDGCVNGHSFTIEGEGRGNPFKGQQTLKLRVTKGGPLPFAFDILSATFTYGNRCFCDYPEDMPDYFKQSLPEGYSWERTMMYEDGGCGTASAHISLNKTGFVHKSTFHGVNFPANGPVMQRKTVNWEPSTEKITACDGTLKGDVTMFLLLGGGYQQKCQFQTTYRTDKTVKMPPNHIIEHRLVRSEDGDAVQIQEHAVAKYFTV,ccalgfp3,69.12,517,505,144000,,,default,,0.48,ccalgfp3_default,,,,,,,,,,,b,,,,,,,Q09HR5,UHFSE
m,10.1038/s41598-021-98149-8,,,ccGFP E6,,8U21,,,,,,MSMSKQVLKEDMKMTYHMDGSVNGHYFTIEGEGTGNPFKGQQTLKLRVTKGGPLPFAFDILSPTFTYGNRVFTDYPEDMPDYFKQSLPEGYSWERTMMYDDGASATASARISLDKNGFVHKSTFHGENFPANGPVMKKKGVNWEPSSETITASDGILKGDVTMFLVLEGGQRLKALFQTTYKANKVVKMPPRHKIEHRLVRSEDGDTVQLQEHAVAKYFTV,ccgfp-e6,,520,501,,,,default,,,ccgfp-e6_default,,,,,,,,,,,b,,,,,,,,HUQ28
,10.1016/j.str.2008.10.008,,,cEGFP,,3EVP,,,,,,SSLENVYIMADKQKNGIKANFKIRHNIEDGGVQLAYHYQQNTPIGDGPVLLPDNHYLSTQSKLSKDPNEKRDHMVLLEFVTAAGITLGMDELYKGGTGGSMVSKGEELFTGVVPILVELDGDVNGHKFSVSGEGEGDATYGKLTLKFICTTGKLPVPWPTLVTTLGYGVQCFSRYPDHMKQHDFFKSAMPEGYIQERTIFFKDDGNYKTRAEVKFEGDTLVNRIELKGIDFKEDGNILGHKLEYN,cegfp,,507,489,,,,default,,,cegfp_default,,,,,,,,,,,b,,,,,,,,UNRFC
t,10.1038/13657,AAF03374,910533,cFP484,,,,,,,,MKCKFVFCLSFLVLAITNANIFLRNEADLEEKTLRIPKALTTMGVIKPDMKIKLKMEGNVNGHAFVIEGEGEGKPYDGTHTLNLEVKEGAPLPFSYDILSNAFQYGNRALTKYPDDIADYFKQSFPEGYSWERTMTFEDKGIVKVKSDISMEEDSFIYEIRFDGMNFPPNGPVMQKKTLKWEPSTEIMYVRDGVLVGDISHSLLLEGGGHYRCDFKSIYKAKKVVKLPDYHFVDHRIEILNHDKDYNKVTLYENAVARYSLLPSQA,cfp484,16.94,484,456,35300,,,default,,0.48,cfp484_default,,,,,,,,,,,b,,,,,,,Q9U6Y3,O8SH6
m,10.1371/journal.pone.0037551,,,cfSGFP2,,,,,,,,MVSKGEELFTGVVPILVELDGDVNGHKFSVSGEGEGDATYGKLTLKFISTTGKLPVPWPTLVTTLTYGVQMFARYPDHMKQHDFFKSAMPEGYVQERTIFFKDDGNYKTRAEVKFEGDTLVNRIELKGIDFKEDGNILGHKLEYNYNSHNVYITADKQKNGIKANFKIRHNIEDGGVQLADHYQQNTPIGDGPVLLPDNHYLSTQSKLSKDPNEKRDHMVLLEFVTAAGITLGMDELYK,cfsgfp2,33.75,517,493,45000,,,default,5.4,0.75,cfsgfp2_default,,,,,,,,,,,b,,,,,,,,YAH6C
,10.1093/nar/28.16.e78,,,CGFP,,,,,,,,MSKGEELFTGVVPILVELDGDVNGHKFSVSGEGEGDATYGKLTLKFICTTGKLPVPWPTLVTTLTWGVQCFSRYPDHMKQHDFFKSAMPEGYVQERTIFFKDDGNYKTRAEVKFEGDTLVNRIELKGIDFKEDGNILGHKLEYNYNSHNVYIMADKQKNGIKVNFKIRHNIEDGSVQLADHYQQNTPIGDGPVLLPDNHYLSTQSALSKDPNEKRDHMVLLEFVTAAGITHGMDELYK,cgfp,3.35,506,463,23900,,,default,4.0,0.14,cgfp_default,,,,,,,,,,,b,,,,,,,,5WSHL
,10.1073/pnas.062552299,AAK71342,90243,cgigGFP,,,,,,,,MYPWIKETMRSKVYMEGDVNNHAFKCTAVGEGKPYKGSQDLTITVTEGGPLPFAFDILSHAFQYGNKVFTDYPDDIPDFFKQSLSDGFTWRRVSXYXXGGVLTVTQDTSLKGDCIICNIKVHGTNFPENGPVMQNKTDGWEPSSTETVIPQDGGIVAARSPALRLRDKGHLICHMETTYKPNKEVKLPELHFHHLRMEKLSVSDDGKTIKQHEYVVASYSKVPSKIGRQ,cgiggfp,,496,399,,,,default,,,cgiggfp_default,,,,,,,,,,,b,,,,,,,Q8T5E7,UHFA9
,10.1098/rsob.130206,AEP19814,24814318,CheGFP1,,,,,,,,MASAGALLLNQRVPFIMELDAEVNGIRFAVRGKGTGDATTGIIDTKFVCTTGKLPVPWASISSTMAYGALCFAKYPDSVKDFFKSAMPDGYIQEKTISFENDGAYKVRGVITYEHGSIYNRVTLKGEGFKKDGLILQKQYEFCCPNSAVYVLPDKENNGLRVVYNTIYKLKDGGHHLAAHEQQNTPLGGGVVDIPNYHHIHAGSIFSKDLEETRDHMCLVETVRAVNLETYN,chegfp1,,500,488,,,,default,,,chegfp1_default,,,,,,,,,,,b,,,,,,,J9PGT0,63KQB
,10.1098/rsob.130206,AEP19815,24814319,CheGFP2,,,,,,,,MSSTALTEGGKLFEKEIPYITELEGDVEGMKFTIKGEGTGDGTTGLIKSKYICTTGDLPVPWATILSSISYGVFCFAKYPRHIADFFKSTQPDGYSQDRIISFDDDGQYDVKAKITYEDGTLYNRVVLDGTGFKSNGNILGMRVLYHSPPHIIYILPDRKNGGMKIEYNKAFDVMGGGHQMTRHAQFNKPLGAWEEDYPMYHHLSVWTSFGKDPEDDETDHLTIVEVIKAIDLDTYK,chegfp2,,508,488,,,,default,,,chegfp2_default,,,,,,,,,,,b,,,,,,,J9PGG2,F3LOW
,10.1098/rsob.130206,AEP19816,24814320,CheGFP3,,,,,,,,MDMANMNVGAMLFNKELPFVCELDGEINGHKFSVRGKGIGNSAQGLTHGIHVCTSGELPVSWTAITHNLQYGLLCFSQYPHDINDYIKSTFPEGYTKERTSNFDGDGKYTSRHVITYENGCIYNRVTINGSGFSDDGNVLGKNLADYEKPVCSMYFPGKDGLRAEICKLTETKDGGYQSCRLEDQVIRPISQGPTVPMTHHYNYSSVEYSKDANETRDHIVMKEITKVSHFIQ,chegfp3,,,,,,,,,,,,,,,,,,,,,,,,,,,,J9PIH6,6Z58E
,10.1098/rsob.130206,AEP19817,24814321,CheGFP4,,,,,,,,MDMSSFNVGALIFNKELPFVVEVDFDIDDHKFSIRGKGVGNAEKGLMVGKYVVSEGELPCSWSAITHNFQYGQVCFTRYPKDIPDHIKSLFPEGYVQTRHSHFVDDGEYTSVHTLTYENGVIYNRVKVNGGGFKPDGNVFGKRLREVEPDICSVYFPGKDGYNCEFVKLSETVDGDYQAIRIDQVIRPLSDGPSLPMTKLYHHYKFEYSKDANETREHIIMKEQVHASHHTSK,chegfp4,,500,488,,,,default,,,chegfp4_default,,,,,,,,,,,b,,,,,,,J9PJD5,VWLEW
d,10.1016/j.gene.2005.11.031,AB185173,BAE78442,CpYGFP,,2DD7,,,,,,MTTFKIESRIHGNLNGEKFELVGGGVGEEGRLEIEMKTKDKPLAFSPFLLSHCMGYGFYHFASFPKGTKNIYLHAATNGGYTNTRKEIYEDGGILEVNFRYTYEFNKIIGDVECIGHGFPSQSPIFKDTIVKSCPTVDLMLPMSGNIIASSYARAFQLKDGSFYTAEVKNNIDFKNPIHESFSKSGPMFTHRRVEETHTKENLAMVEYQQVFNSAPRDM,cpygfp,53.53,518,508,101000,,,Default,,0.53,cpygfp_default,,,,,,,,,,,b,,,,,,,Q2MHN7,RK5BV
,10.1021/bi026609p,,,deGFP1,,1JBZ,1JBY,,,,,MSKGEELFTGVVPILVELDGDVNGHKFSVSGEGEGDATYGKLTLKFICTTGKLPVPWPTLVTTFTYGVQCFSRYPDHMKRHDFFKSAMPEGYVQERTIFFKDDGNYKTRAEVKFEGDTLVNRIELKGIDFKEDGNILGHKLEYNYNSGNVYIMADKQKNGIKVNFKIRHNIEDGSVQLADHYQQNTPIGDGPVLLPDNHYLSCQSALSKDPNEKRDHMVLLEFVTAAGITHGMDELYK,degfp1,4.59,516,504,28700,,,default,8.02,0.16,degfp1_default,,,,,,,,,,,b,,,,,,,,THWKH
,10.1021/bi026609p,,,deGFP2,,,,,,,,MSKGEELFTGVVPILVELDGDVNGHKFSVSGEGEGDATYGKLTLKFISTTGKLPVPWPTLVTTFTYGVQCFSRYPDHMKQHDFFKSAMPEGYVQERTIFFKDDGNYKTRAEVKFEGDTLVNRIELKGIDFKEDGNILGHKLEYNYNSCNVYIMADKQKNGIKVNFKIRHNIEDGSVQLADHYQQNTPIGDGPVLLPDNHYLSTQSALSKDPNEKRDHMVLLEFVTAAGITHGMDELYK,degfp2,7.38,517,496,21700,,,default,7.25,0.34,degfp2_default,,,,,,,,,,,b,,,,,,,,MGNCD
,10.1021/bi026609p,,,deGFP3,,,,,,,,MSKGEELFTGVVPILVELDGDVNGHKFSVSGEGEGDATYGKLTLKFICTTGKLPVPWPTLVTTFTYGVQCFSRYPDHMKQHDFFKSAMPEGYVQERTIFFKDDGNYKTRAEVKFEGDTLVNRIELKGIDFKEDGNILGHKLEYNYNSHNVYIMADKQKNGIKVNFKIRHNIEDGSVQLADHYQQNTPIGDGPVLLPDNHYLSCQSALSKDPNEKRDHMVLLEFVTAAGITHGMDELYK,degfp3,5.07,518,508,26700,,,default,6.86,0.19,degfp3_default,,,,,,,,,,,b,,,,,,,,B72B1
,10.1021/bi026609p,,,deGFP4,,,,,,,,MSKGEELFTGVVPILVELDGDVNGHKFSVSGEGEGDATYGKLTLKFISTTGKLPVPWPTLVTTFTYGVQCFSRYPDHMKQHDFFKSAMPEGYVQERTIFFKDDGNYKTRAEVKFEGDTLVNRIELKGIDFKEDGNILGHKLEYNYNSCNVYIMADKQKNGIKVNFKIRHNIEDGSVQLADHYQQNTPIGDGPVLLPDNHYLSCQSALSKDPNEKRDHMVLLEFVTAAGITHGMDELYK,degfp4,4.04,518,509,26900,,,default,7.37,0.15,degfp4_default,,,,,,,,,,,b,,,,,,,,LDZC9
t,10.1073/pnas.062552299,AAM10625,4560782,dendFP,,,,,,,,MNLIKEDMRVKVHMEGNVNGHAFVIEGEGKGKPYEGTQTLNLTVKEGAPLPFSYDILTTALHYGNRVFTKYPEDIPDYFKQSFPEGYSWERTMTYEDKGICTIRSDISLEGDCFFQNVRFNGMNFPPNGPVMQKKTLKWEPSTEKLHVRDGLLVGNINMALLLEGGGHYLCDFKTTYKAKKVVQLPDYHFVDHRIEILSNDSDYNKVKLYEHGVARYSPLPSQAW,dendfp,58.5,508,492,90000,,,Green,6.5,0.65,dendfp_green,23.8,575,557,35000,,,Red,5.2,0.68,dendfp_red,pc,dendfp_green,dendfp_red,405,,,,Q8T6U0,JTXCJ
d,10.1016/j.chembiol.2017.12.005,BBC28143,,dfGFP,,,,,,,,MASGRALFQYPMTSKIELNGEINGKKFKVAGEGFTPNSGRFNMHAYCTTGDLPMSWVVIASPLQYGFHMFAHYPEDITHFFQECFPGSYTLDRTLRMEGDGTLTTHHEYSLKDGCVTSKTTLNASGFDPKGATMTKSFVEQLPNQVEIFAEGNGIRLLSHVPYLKKDGTIQIGYQDCIVKPVGGKKVTQPKYHFLHTQIIQKKDPNDTRDHIVQTELAVAGNPWHEPSASAV,dfgfp,,524,505,,,,default,3.8,,dfgfp_default,,,,,,,,,,,b,,,,,,,,P2PV8
,10.1371/journal.pone.0002680,ABB17972,4901548,dhorGFP,,,,,,,,MSYSKQGIVQEMKTKYRMEGSVNGHEFTIEGVGTGYPYEGKQMSELVIIKPKGKPLPFSFDILSSVFQYGNRCFTKYPADMPDYFKQAFPDGMSYERSFLFEDGAVATASWNIRLEGNCFIHNSIFHGVNFPADGPVMKKKTIGWDKSFEKMTVSKEVLTGDVTMFLMLEGGGYHRCQFHSTYKTEKPVELPPNHVVEHQIVRTDLGQSAKGFTVKLEAHAAAHVNPLKVQ,dhorgfp,,,,,,,,,,,,,,,,,,,,,,,,,,,,A8CLX9,U7WYN
,10.1073/pnas.062552299,AAM10627,1067021,dis3GFP,,,,,,,,MSALKEEMKINLTMEGVVNGLPFKIRGDGKGKPYQGSQELTLTVVKGGPLPFSYDILTTMFQYGNRAFVNYPEDIPDIFKQTCSGPNGGYSWQRTMTYEDGGVCTATSNISVVGDTFNYDIHFMGANFPLDGPVMQKRTMKWEPSTEIMFERDGMLRGDIAMSLLLKGGGHYRCDFETIYKPNKVVKMPDYHFVDHCIEITSQQDYYNVVELTEVAEARYSSLEKIGKSKA,dis3gfp,,512,503,,,,default,,,dis3gfp_default,,,,,,,,,,,b,,,,,,,Q8T6T8,D41LA
,10.1002/mrd.23157,,,EaGFP,,,,,,,,MSVVKPDMKIKLRMRGTVNGHNFVIEGEGNGKPYEGTQTIDLKVIEGAPLPFAYDILTPAFQYGNRAFTNYPADIPDYFKQTFPEGYSWERIMIYEDQGMCMATSHISLEGNCFFYDIRFHGVNFPPNGPVMQKKIQKSEPSTEKMYERDGMLKGDVNMALLLKGGGHYRCDFRSSYKAKKRVILPDYHYVDHRIEILSHEKDYSKVALHAIAKARYSLMPIAKTE,eagfp,,514,506,,,,default,,,eagfp_default,,,,,,,,,,,b,,,,,,,,QJSF2
,10.1093/nar/28.16.e78,BAB11884,,ECGFP,,,,,,,,MVSKGEELFTGVVPILVELDGDVNGHKFSVSGEGEGDATYGKLTLKFICTTGKLPVPWPTLVTTLTWGVQCFSRYPDHMKQHDFFKSAMPEGYVQERTIFFKDDGNYKTRAEVKFEGDTLVNRIELKGIDFKEDGNILGHKLEYNYISHNVYITADKQKNGIKANFKIRHNIEDGSVQLADHYQQNTPIGDGPVLLPDNHYLSYQSALSKDPNEKRDHMVLLEFVTAAGITLGMDELYK,ecgfp,3.35,506,463,23900,,,default,4.0,0.14,ecgfp_default,,,,,,,,,,,b,,,,,,,,9HU84
t,10.1371/journal.pone.0002680,ABB17956,4901576,eechGFP1,,,,,,,,MSVINPDMKIKLYMEGAVNGHKFEIKGEGNGKPFEGKQTMDLAVVDGGPLPFAFDILTTSFNYGNRVFTKYPDTIVDYFKPSFPEGYSWERSMTYEDGGICIATNDITLLKDTDDSNYFYYKIRFDGVNFAANGPVMQKKTAKWEPSTEKMYVRDGVLKGEVNMALLLEGGGHYRCDFKTTYKAKKVVRLPSYHFVDHRIEILSHSKDYNQVRLHEHAEAHSGLPRQAK,eechgfp1,93.15,510,497,124200,,,default,,0.75,eechgfp1_default,,,,,,,,,,,b,,,,,,,A8CLQ1,MX4SD
t,10.1371/journal.pone.0002680,ABB17968,4901521,eechGFP2,,,,,,,,MNVIKPDMKIKLRMEGAVNGHKFAIEGEGNGQPFEGKQTMNLKVKEGGPLPFAYDILTTIFNYGNRVFVKYPDDIVDYFKQSFPEGYSWERSMIYEDGGICIATNDITLEGDCFVYKIRFDGVNFPAKSPVLQKMTKKWEPSTEKLYVRDGVLKGDVNMALLLEGGGHFRCDFKTTYKAKKVVQLPDYHFVDHRIEIMSHDKDYNNVKLCEHAEAHSGLPGQAK,eechgfp2,75.76,520,506,109800,,,default,,0.69,eechgfp2_default,,,,,,,,,,,b,,,,,,,A8CLW1,37XMD
t,10.1371/journal.pone.0002680,ABB17969,4901511,eechGFP3,,,,,,,,MNVIKPDMKIRLRMEGAVNGHKFVIIGKGDGKPYEGTQTMDLEVIEGGPLPFAFDILTTVFKYGNRAFVKYPTDIADYFKQSFPEGFSWERSMTYEDGGICIATNDITLSKDIANCFDYNIRFDGVNFPPNSPVLQKTTIKWEPSTENMYVRDGVLKGDINMSLLLEGGAGHYRCDFKTTYKAKKAVKLPDYHFVDHRITIVSHDKDYNKVKLREHAEAHSGLQMEAK,eechgfp3,54.27,524,512,120600,,,default,,0.45,eechgfp3_default,,,,,,,,,,,b,,,,,,,A8CLW4,31NFQ
t,10.1371/journal.pone.0002680,ABB17958,4901483,efasGFP,,,,,,,,MALSKQGIQTDMKMTYSMEGCVNGHNFTVKGGGDGNPYEGHQELRLCITMAKGEPVPFAFDILSAAFCYGNRCFTKYPDEIRDYFKQAFPGGLSWERSMAFEDGASAAVTAEISLEGDCFEHECEFVGVNFPANGPVMQKKTQGWETSTEKMTAHGKVVQGNVPMFLKLEGGGRHRCDFRTTYKAKKDVKMPNSHFITHCLVRKGDGNNTELIEDAEARN,efasgfp,100.64,507,496,125800,,,default,,0.8,efasgfp_default,,,,,,,,,,,b,,,,,,,A8CLR1,5EU5J
wd,10.1016/0378-1119(95)00685-0,AAB02572,928978,EGFP,,2Y0G,4EUL,,,,,MVSKGEELFTGVVPILVELDGDVNGHKFSVSGEGEGDATYGKLTLKFICTTGKLPVPWPTLVTTLTYGVQCFSRYPDHMKQHDFFKSAMPEGYVQERTIFFKDDGNYKTRAEVKFEGDTLVNRIELKGIDFKEDGNILGHKLEYNYNSHNVYIMADKQKNGIKVNFKIRHNIEDGSVQLADHYQQNTPIGDGPVLLPDNHYLSTQSALSKDPNEKRDHMVLLEFVTAAGITLGMDELYK,egfp,33.54,507,488,55900,2.6,25.0,default,6.0,0.6,egfp_default,,,,,,,,,,,b,,,,,,,C5MKY7,R9NL8
d,10.1110/ps.073358908,,,eGFP203C,,2OKY,,,,,,MSKGEELFTGVVPILVELDGDVNGHKFSVSGEGEGDATYGKLTLKFICTTGKLPVPWPTLVTTLTYGVQCFSRYPDHMKQHDFFKSAMPEGYVQERTIFFKDDGNYKTRAEVKFEGDTLVNRIELKGIDFKEDGNILGHKLEYNYNSHNVYIMADKQKNGIKVNFKIRHNIEDGSVQLADHYQQNTPIGDGPVLLPDNHYLCTQSALSKDPNEKRDHMVLLEFVTAAGITHGMDELYK,egfp203c,,509,498,,,,default,,,egfp203c_default,,,,,,,,,,,b,,,,,,,,C16U6
d,10.1110/ps.073358908,,,eGFP205C,,2OKW,,,,,,MSKGEELFTGVVPILVELDGDVNGHKFSVSGEGEGDATYGKLTLKFICTTGKLPVPWPTLVTTLTYGVQCFSRYPDHMKQHDFFKSAMPEGYVQERTIFFKDDGNYKTRAEVKFEGDTLVNRIELKGIDFKEDGNILGHKLEYNYNSHNVYIMADKQKNGIKVNFKIRHNIEDGSVQLADHYQQNTPIGDGPVLLPDNHYLSTQCALSKDPNEKRDHMVLLEFVTAAGITHGMDELYK,egfp205c,,509,489,,,,default,,,egfp205c_default,,,,,,,,,,,b,,,,,,,,54TPA
,10.1016/s0896-6273(02)01099-1,,,Enhanced Cyan-Emitting GFP,,1CV7,,,,,,MSKGEELFTGVVPILVELDGDVNGHRFSVSGEGEGDATYGKLTLKFICTTGKLPVPWPTLVTTLTWGVQCFSRYPDHMKQHDFFKSAMPEGYVQERTIFFKDDGNYKTRAEVKFEGDTLVNRIELKGIDFKEDGNILGHKLEYNYISHNVYITADKQKNGIKAHFKIRHNIEDGSVQLADHYQQNTPIGDGPVLLPDNHYLSTQSALSKDPNEKRDHMVLLEFVTAAG,enhanced-cyan-emitting-gfp,,485,458,,,,default,,,enhanced-cyan-emitting-gfp_default,,,,,,,,,,,b,,,,,,,,R3OET
,10.1002/1873-3468.12534,,,esGFP,,5B61,,,,,,MSKGEELFTGVVPILVELDGDVNGHKFSVRGEGEGDATNGKITLKLICTTGKLPVPWPTLVTTCGYGVQCFARYPDHMKRHDFFKSAMPEGYVQERTISFKDDGTFKTRAEVKFEGDTIVNRIKLKGIDFKEDGNILGHKLEYNFNSHKVYITADKQKNGIKANFKIRHNVEDGSVQLADHYQQNTPIGDGPVRLPDNHYLSTQSVILEDPNEKRDHMVLHEFVTAAGITHGMDELYK,esgfp,,,,,,,,,,,,,,,,,,,,,b,,,,,,,,FZZ8D
d,10.1371/journal.pone.0181186,BBA07588.1,BBA07588.1,eYGFP,,,,,,,,MTTFKIESRIHGNLNGEKFELVGGGVGEEGRLEIEMKTKDKPLAFSPFLLSHCMGYGFYHFASFPKGTKNIYLHAATNGGYTNTRKEIYEDGGILEVNFRYTYEFNKIIGDVECIGHGFPSQSPIFKDTIVKTCPTVDLMLPMSGNIIASSYAKAFQLKDGSFYTAEVKNNIDFKNPIHESFSKSGPMFTHRRVEETHTKENLAMVEYQQVFNSAPRDM,eygfp,71.92,516,507,124000,,,Default,3.81,0.58,eygfp_default,,,,,,,,,,,b,,,,,,,,MQNBX
d,10.1371/journal.pone.0181186,BBA07592,BBA07592.1,eYGFPuv,,,,,,,,MTTFKIESRIHGNLNGEKFELVGGGVGEEGRLEIEMKTKDKPLAFSPFLLTTCMGYGFYHFASFPKGIKNIYLHAATNGGYTNTRKEIYEDGGILEVNFRYTYEFNKIIGDVECIGHGFPSQSPIFKDTIVKSCPTVDLMLPMSGNIIASSYAYAFQLKDGSFYTAEVKNNIDFKNPIHESFSKSGPMFTHRRVEETLTKENLAIVEYQQVFNSAPRDM,eygfpuv,23.71,512,398,31200,,,Default,3.0,0.76,eygfpuv_default,,,,,,,,,,,b,,,,,,,,KECCG
d,10.1371/journal.pone.0181186,BBA07591,BBA07591.1,eYGPdp,,,,,,,,MTTFKIESRIHGNLNGEKFELVGGGVGEEGRLEIEMKTKDKPLAFSPFLLSCCMGYGFYHFASFPKGTENIYLHAATNGGYTNTRKEIYEDGGILEVNFRYTYEFNKIIGDVECIGHGFPSQSPIFKDTIVKQWPTVDLMLPMSGNIIASSYALAFQLKDGSFYTAEVKNNIDFKNPIHESFSKSGPMFTHRRVEETHTKENLAIVEYQQVFNSAPRDM,eygpdp,34.36,513,501,49800,,,Default,7.29,0.69,eygpdp_default,,,,,,,,,,,b,,,,,,,,21E2G
t,10.1371/journal.pone.0002680,ACD13193,14926074,fabdGFP,,,,,,,,MSVIKPDMKIKLRMEGAVNGHKFAIEGEGKGQPFQGKQTMNLKVKEGGPLPFAYDILTTIFNYGNRVFAKYPDDIVDYFKQSFPEGYSWERSMTYEDGGICIATNDITLDGDCFVYKIRFDGVNFPAKSPVLQKKTQKWEPSTEKLYVRDGLLKGDVNMALLLEGGGHYRCDFKTTYKAKKVVQLPDYHFVDHCIEIVSHDKDYNNVKLCEHAEAHSGLPKEAK,fabdgfp,63.07,520,508,116800,,,default,,0.54,fabdgfp_default,,,,,,,,,,,b,,,,,,,B6CTZ4,BQFPM
d,10.1038/10904,,,Folding Reporter GFP,,2B3Q,,,,,,MSKGEELFTGVVPILVELDGDVNGHKFSVSGEGEGDATYGKLTLKFICTTGKLPVPWPTLVTTLTYGVQCFSRYPDHMKRHDFFKSAMPEGYVQERTISFKDDGNYKTRAEVKFEGDTLVNRIELKGIDFKEDGNILGHKLEYNYNSHNVYITADKQKNGIKANFKIRHNIEDGSVQLADHYQQNTPIGDGPVLLPDNHYLSTQSALSKDPNEKRDHMVLLEFVTAAGITHGMDELYK,folding-reporter-gfp,59.33,530,490,82400,,,default,,0.72,folding-reporter-gfp_default,,,,,,,,,,,b,,,,,,,,N6ZHS
,,,,Free Use GFP,,,,,,,,MVSSGEDIFSGLVPILIELEGDVNGHRFSVRGEGYGDASNGKLEIKFICTTGRLPVPWPTLVTTLSYGVQCFAKYPEHMRQNDFFKSAMPDGYVQERTISFKEDGTYKTRAEVKFEGEALVNRIDLKGLEFKEDGNILGHKLEYSFNSHYVYITADKNRNGLEAQFRIRHNVDDGSVQLADHYQQNTPIGEGPVLLPEQHYLTTNSVLSKDPQERRDHMVLVEFVTAAGLSLGMDELYK,free-use-gfp,,503,395,27618,,,default,,,free-use-gfp_default,,,,,,,,,,,b,,,,,,,,7BLNH
,10.1271/bbb.70216,,,G3GFP,,,,,,,,MSKGEELFTGVVPILVELDGDVNGHKFSVSGEGEGDATYGKLTLKFICTTGKLPVPWPTLVTTFAYGVQCFSRYPDHMKRHDFFKSAMPEGYVQERTIFFKDDGNYKTRAEVKFEGDTLVNRIELKGIDFKEDGNILGHKLEYNFNSHNVYIMADKQKNGIKVNFKIRHNIEDGSVQLADHYQQNTPIGDGPVLLPDNHYLSTQSALSKDPNEKRDHMVLLEFVTAAGITHGMDELYK,g3gfp,,650,520,,,,G3GFP,,,g3gfp_g3gfp,,,,,,,,,,,b,,,,,,,,QGJWB
m,10.1016/j.chembiol.2017.12.005,BBC28144,174808012,Gamillus,,5Y01,5Y00,,,,,MVSKGEEASGRALFQYPMTSKIELNGEINGKKFKVAGEGFTPSSGRFNMHAYCTTGDLPMSWVVIASPLQYGFHMFAHYPEDITHFFQECFPGSYTLDRTLRMEGDGTLTTHHEYSLEDGCVTSKTTLNASGFDPKGATMTKSFVKQLPNEVKITPHGPNGIRLTSTVLYLKEDGTIQIGTQDCIVTPVGGRKVTQPKAHFLHTQIIQKKDPNDTRDHIVQTELAVAGNLWHGMDELYK,gamillus,74.7,519,504,83000,,8.0,On,3.4,0.9,gamillus_on,,,,,,,Off,,,gamillus_off,ps,gamillus_off,gamillus_on,388,gamillus_on,gamillus_off,488,,21PQ5
m,10.1016/j.chembiol.2017.12.005,,,Gamillus0.1,,,,,,,,MASGRALFQYPMTSKIELNGEINGKKFKVAGEGFTPNSGRFNMHAYCTTGDLPMSWVVIASPLQYGFHMFAHYPEDITHFFQECFPGSYTLDRTLRMEGDGTLTTHHEYSLKDGCVTSKTTLNASGFDPKGATMTKSFVEQLPNQVEITAEGNGIRLTSTVPYLKKDGTIQIGRQDCIVKPVGGKKVTQPKAHFLHTQIIQKKDPNDTRDHIVQTELAVAGNPWHEPSASAV,gamillus01,16.8,524,505,20000,,,default,4.0,0.84,gamillus01_default,,,,,,,,,,,b,,,,,,,,AW33C
d,10.1016/j.chembiol.2017.12.005,,,Gamillus0.2,,,,,,,,MASGRALFQYPMTSKIELNGEINGKKFKVAGEGFTPNSGRFNMHAYCTTGDLPMSWVVIASPLQYGFHMFAHYPEDITHFFQECFPGSYTLDRTLRMEGDGTLTTHHEYSLKDGCVTSKTTLNASGFDPKGATMTKSFVEQLPNQVEITAEGNGIRLTSTVLYLKKDGTIQIGRQDCIVKPVGGKKVTQPKAHFLHTQIIQKKDPNDTRDHIVQTELAVAGNPWHEPSASAV,gamillus02,51.7,524,505,55000,,,default,4.0,0.94,gamillus02_default,,,,,,,,,,,b,,,,,,,,WLNHW
m,10.1016/j.chembiol.2017.12.005,,,Gamillus0.3,,,,,,,,MASGRALFQYPMTSKIELNGEINGKKFKVAGEGFTPNSGRFNMHAYCTTGDLPMSWVVIASPLQYGFHMFAHYPEDITHFFQECFPGSYTLDRTLRMEGDGTLTTHHEYSLKDGCVTSKTTLNASGFDPKGATMTKSFVEQLPNQVEITAEGNGIRLTSTVLYLKKDGTIQIGTQDCIVKPVGGKKVTQPKAHFLHTQIIQKKDPNDTRDHIVQTELAVAGNPWHEPSASAV,gamillus03,44.88,524,505,51000,,,default,4.0,0.88,gamillus03_default,,,,,,,,,,,b,,,,,,,,LQXJ6
m,10.1016/j.chembiol.2017.12.005,,,Gamillus0.4,,,,,,,,MASGRALFQYPMTSKIELNGEINGKKFKVAGEGFTPSSGRFNMHAYCTTGDLPMSWVVIASPLQYGFHMFAHYPEDITHFFQECFPGSYTLDRTLRMEGDGTLTTHHEYSLEDGCVTSKTTLNASGFDPKGATMTKSFVEQLPNQVKITAEGNGIRLTSTVLYLKKDGTIQIGTQDCIVKPVGGRKVTQPKAHFLHTQIIQKKDPNDTRDHIVQTELAVAGNLWHEPSASAV,gamillus04,66.75,524,505,75000,,,default,4.0,0.89,gamillus04_default,,,,,,,,,,,b,,,,,,,,JVUSZ
m,10.1016/j.chembiol.2017.12.005,,,Gamillus0.5,,,,,,,,MASGRALFQYPMTSKIELNGEINGKKFKVAGEGFTPSSGRFNMHAYCTTGDLPMSWVVIASPLQYGFHMFAHYPEDITHFFQECFPGSYTLDRTLRMEGDGTLTTHHEYSLEDGCVTSKTTLNASGFDPKGATMTKSFVKQLPNEVKITAEGNGIRLTSTVLYLKEDGTIQIGTQDCIVKPVGGRKVTQPKAHFLHTQIIQKKDPNDTRDHIVQTELAVAGNLWHEPSASAV,gamillus05,,,,,,,,,,,,,,,,,,,,,,,,,,,,,E5GAC
t,10.1371/journal.pone.0002680,ABB17962,4901546,gfasGFP,,,,,,,,MNVIKPDMKIKLCMRGTINGHNFVIEGEGKGNPYEGTQILDLNVTEGAPLPFAYDILTTVFQYGNRAFTKYPADIQDYFKQTFPEGYHWERSMTYEDQGICTATSNISMRGDCFFYDIRFDGVNFPPNGPVMQKKTLKWEPSTEKMYVRDGVLKGDVNMALLLEGGGHYRCDFKTTYKAKKDVRLPDYHFVDHRIEILKHDKDYNKVELYENAVARYSMLPSQAK,gfasgfp,74.83,506,492,102500,,,default,,0.73,gfasgfp_default,,,,,,,,,,,b,,,,,,,A8CLT2,ASMG7
,10.1002/anie.201204962,,,GFP-151pyTyrCu,,4GF6,,,,,,MSKGAELFTGVVPILVELDGDVNGHKFSVSGEGEGDATYGKLTLKFICTTGKLPVPWPTLVTTFSYGVQCFSRYPDHMKAHDFFKSAMPEGYVQERTISFKDDGNYKTRAEVKFEGDTLVNRIALKGIDFKEAGNILGHKLEYNYNSHNVYITADKQKNGIKANFKIRHNIADGSVQLADHYQQNTPIGAGPVLLPDNHYLSTQSALSKDPNEKRDHMVLLEFVTAAGITHGMDEAYK,gfp-151pytyrcu,,510,375,,,,default,,,gfp-151pytyrcu_default,,,,,,,,,,,b,,,,,,,,L1JAY
,10.1016/0014-5793(95)00557-p,,,GFP(E222G),,,,,,,,MSKGEELFTGVVPILVELDGDVNGHKFSVSGEGEGDATYGKLTLKFICTTGKLPVPWPTLVTTFSYGVQCFSRYPDHMKQHDFFKSAMPEGYVQERTIFFKDDGNYKTRAEVKFEGDTLVNRIELKGIDFKEDGNILGHKLEYNYNSHNVYIMADKQKNGIKVNFKIRHNIEDGSVQLADHYQQNTPIGDGPVLLPDNHYLSTQSALSKDPNEKRDHMVLLGFVTAAGITHGMDELYK,gfpe222g,,506,481,,,,default,,,gfpe222g_default,,,,,,,,,,,b,,,,,,,,1EOAR
,10.1021/bi0479205,,,GFPhal,,1YJF,,,,,,MASKGEELFTGVVPILVELDGDVNGHKFSVSGEGEGDATYGKLTLKFICTTGKLPVPWPTLVTTFAAGVQCFSRYPDHMKQHDFFKSAMPEGYVQERTISFKDDGNYKTRAEVKFEGDTLVNRIELKGIDFKEDGNILGHKLEYNYNSHNVYITADKQKNGIKANFKIRHNIEDGSVQLADHYQQNTPIGDGPVLLPDNHYLSTQSALSKDPNEKRDHMVLLEFVTAAGITHGMDELYK,gfphal,,,,,,,,,,,,,,,,,,,,,,,,,,,,,BNZOQ
wd,10.1016/0378-1119(95)00685-0,,,GFPmut2,,,,,,,,MSKGEELFTGVVPILVELDGDVNGHKFSVSGEGEGDATYGKLTLKFICTTGKLPVPWPTLVTTFAYGLQCFARYPDHMKQHDFFKSAMPEGYVQERTIFFKDDGNYKTRAEVKFEGDTLVNRIELKGIDFKEDGNILGHKLEYNYNSHNVYIMADKQKNGIKVNFKIRHNIEDGSVQLADHYQQNTPIGDGPVLLPDNHYLSTQSALSKDPNEKRDHMVLLEFVTAAGITHGMDELYK,gfpmut2,39.35,508,485,53900,,5.6,default,,0.73,gfpmut2_default,,,,,,,,,,,b,,,,,,,,QS3XQ
wd,10.1016/0378-1119(95)00685-0,AAB18957.1,,GFPmut3,,,,,,,,MSKGEELFTGVVPILVELDGDVNGHKFSVSGEGEGDATYGKLTLKFICTTGKLPVPWPTLVTTFGYGVQCFARYPDHMKQHDFFKSAMPEGYVQERTIFFKDDGNYKTRAEVKFEGDTLVNRIELKGIDFKEDGNILGHKLEYNYNSHNVYIMADKQKNGIKVNFKIRHNIEDGSVQLADHYQQNTPIGDGPVLLPDNHYLSTQSALSKDPNEKRDHMVLLEFVTAAGITHGMDELYK,gfpmut3,22.69,513,506,58191,,4.1,default,,0.39,gfpmut3_default,,,,,,,,,,,b,,,,,,,,A2OWC
d,10.1038/373663b0,,,GFP (S65T),,1EMG,1C4F,1Q4B,1Q4A,1EMA,,MSKGEELFTGVVPILVELDGDVNGHKFSVSGEGEGDATYGKLTLKFICTTGKLPVPWPTLVTTFTYGVQCFSRYPDHMKQHDFFKSAMPEGYVQERTIFFKDDGNYKTRAEVKFEGDTLVNRIELKGIDFKEDGNILGHKLEYNYNSHNVYIMADKQKNGIKVNFKIRHNIEDGSVQLADHYQQNTPIGDGPVLLPDNHYLSTQSALSKDPNEKRDHMVLLEFVTAAGITHGMDELYK,gfp-s65t,35.2,510,490,55000,,,default,,0.64,gfp-s65t_default,,,,,,,,,,,b,,,,,,,,B6J33
,10.1002/anie.201204962,,,GFP-Tyr151pyz,,4GES,,,,,,MSKGEALFTGVVPILVELDGDVNGHKFSVSGEGEGDATYGKLTLKFICTTGKLPVPWPTLVTTFSYGVQCFSRYPDHMKQHDFFKSAMPEGYVQERTISFKDDGNYKTRAEVKFEGDTLVNRIELKGIDFKEDGNILGHKLEYNYNSHNVYITADKQKNGIKANFKIRHNIEDGSVQLADHYQQNTPIGDGPVLLPDNHYLSTQSALSKDPNEKRDHMVLLEFVTAAGITHGMDELYK,gfp-tyr151pyz,,508,397,,,,default,,,gfp-tyr151pyz_default,,,,,,,,,,,b,,,,,,,,GBEZ4
m,10.1007/s10126-006-6006-8,AAK02063,1087995,GFPxm16,,,,,,,,MSKGEELFTGIVPVLIELDGDVHGHKFSVRGEGEGDADYGKLEIKFICTTGKLPVPWPTLVTTLGYGIQCFARYPEHMKMNDFFKSAMPEGYIQERTIFFQDDGKYKTRGEVKFEGDTLVNRIELKGMDFKEDGNILGHKLEYNFNSHNVYIMPDKANNGLKVNFKIRHNIEGGGVQLADHYQTNVPLGDGPVLIPINHYLSTQTAISKDRNETRDHMVFLEFFSACGHTHGMDELYK,gfpxm16,,504,485,,,,default,,0.74,gfpxm16_default,,,,,,,,,,,b,,,,,,,,7XQBJ
m,10.1007/s10126-006-6006-8,AAL33912,665233,GFPxm161,,,,,,,,MSKGEELFTGIVPVLIELDGDVHGHKFSVRGEGEGDADYGKLEIKFICTTGKLPVPWPTLVTTLGYGIQCFARYPEHMKMNDFFKSAMPEGYIQERTIFFQDDGKYKTRGEVKFEGDTLVNRIELKGMDFKEDGNILGHKLEYNFNSHNVYIMPDKANNGLKVNFKIRHNIEGGGVQLADHYQTNVPLGDGPVLIPINHYLSLQTAISKDRNETRDHMVFLEFFSACGHTHGMDELYK,gfpxm161,,510,500,,,,default,,,gfpxm161_default,,,,,,,,,,,b,,,,,,,Q8WTD0,PK2PN
m,10.1007/s10126-006-6006-8,AAL33913,978703,GFPxm162,,,,,,,,MSKGEELFTGIVPVLIELDGDVHGHKFSVRGEGEGDADYGKLEIKFICTTGKLPVPWPTLVTTLGYGIQCFARYPEHMKMNDFFKSAMPEGYIQERTIFFQDDGKYKTRGEVKFEGDTLVNRIELKGMDFKEDGNILGHKLEYNFNSHNVYIMPDKANNGLKVNFKIRHNIEGGGVQLADHYQTNVPLGDGPVLIPINHYLSFQTAISKDRNETRDHMVFLEFFSACGHTHGMDELYK,gfpxm162,,525,514,,,,default,,,gfpxm162_default,,,,,,,,,,,b,,,,,,,Q8WTC9,PHV2M
m,10.1007/s10126-006-6006-8,AAL33914,1124407,GFPxm163,,,,,,,,MSKGEELFTGIVPVLIELDGDVHGHKFSVRGEGEGDADYGKLEIKFICTTGKLPVPWPTLVTTLGYGIQCFARYPEHMKMNDFFKSAMPEGYIQERTIFFQDDGKYKTRGEVKFEGDTLVNRIELKGMDFKEDGNILGHKLEYNFNSHNVYIMPDKANNGLKVNFKIRHNIEGGGVQLADHYQTNVPLGDGPVLIPINHYLSYQTAISKDRNETRDHMVFLEFFSACGHTHGMDELYK,gfpxm163,,523,512,,,,default,,1.0,gfpxm163_default,,,,,,,,,,,b,,,,,,,Q8WTC8,5M9ZL
m,10.1007/s10126-006-6006-8,AAK02064,366167,GFPxm18,,,,,,,,MSKGEELFTGIVPVLIELDGDVHGHKFSVRGEGEGDADYGKLEIKFICTTGKLPVPWPTLVTTLAYGIQCFARYPEHMKMNDFFKSAMPEGYIQERTIFFQDDGKYKTRGEVKFEGDTLVNRIELKGMDFKEDGNILGHKLEYNFNSHNVYIMPDKANNGLKVNFKIRHNIEGGGVQLADHYQTNVPLGDGPVLIPINHYLSTQTAISKDRNETRDHMVFLEFFSACGHTHGMDELYK,gfpxm18,,502,472,,,,default,,0.96,gfpxm18_default,,,,,,,,,,,b,,,,,,,,PLVQM
m,10.1007/s10126-006-6006-8,,,GFPxm181uv,,,,,,,,MSKGEELFTGIVPVLIELDGDVHGHKFSVRGEGEGDADYGKLEIKFICTTGKLPVPWPTLVTTLSYGIQCFARYPEHMKMNDFFKSAMPEGYIQERTIFFQDDGKYKTRGEVKFEGDTLVNRIELKGMDFKEDGNILGHKLEYNFNSHNVYIMPDKANNGLKVNFKIRHNIEGGGVQLADHYQTNVPLGDGPVLIPINHYLSHQTAISKDRNETRDHMVLLEFFSACGHTHGMDELYK,gfpxm181uv,,514,398,,,,default,,,gfpxm181uv_default,,,,,,,,,,,b,,,,,,,,KCUBM
m,10.1007/s10126-006-6006-8,,,GFPxm18uv,,,,,,,,MSKGEELFTGIVPVLIELDGDVHGHKFSVRGEGEGDADYGKLEIKFICTTGKLPVPWPTLVTTLGYGIQCFARYPEHMKMNDFFKSAMPEGYIQERTIFFQDDGKYKTRGEVKFEGDTLVNRIELKGMDFKEDGNILGHKLEYNFNSHNVYIMPDKANNGLKVNFKIRHNIEGGGVQLADHYQTNVPLGDGPVLIPINHYLSHQTAISKDRNETRDHMVFLEFFSACGHTHGMDELYK,gfpxm18uv,,513,400,,,,default,,,gfpxm18uv_default,,,,,,,,,,,b,,,,,,,,4YUEY
m,10.1007/s10126-006-6006-8,AAK02065,446783,GFPxm19,,,,,,,,MSKGEELFTGIVPVLIELDGDVHGHKFSVRGEGEGDADYGKLEIKFICTTGKLPVPWPTLVTTLSYGILCFARYPEHMKMNDFFKSAMPEGYIQERTIFFQDDGKYKTRGEVKFEGDTLVNRIELKGMDFKEDGNILGHKLEYNFNSHNVYIMPDKANNGLKVNFKIRHNIEGGGVQLADHYQTNVPLGDGPVLIPINHYLSTQTAISKDRNETRDHMVFLEFFSACGHTHGMDELYK,gfpxm19,,502,475,,,,default,,0.7,gfpxm19_default,,,,,,,,,,,b,,,,,,,,DANPD
m,10.1007/s10126-006-6006-8,AAL33915,1388169,GFPxm191uv,,,,,,,,MSKGEELFTGIVPVLIELDGDVHGHKFSVRGEGEGDADYGKLEIKFICTTGKLPVPWPTLVTTLSYGILCFARYPEHMKMNDFFKSAMPEGYIQERTIFFQDDGKYKTRGEVKFEGDTLVNRIELKGMDFKEDGNILGHKLEYNFNSHNVYIMPDKANNGLKVNFKIRHNIEGGGVQLADHYQTNVPLGDGPVLIPINHYLSCQTAISKDRNETRDHMVFLEFFSACGHTHGMDELYK,gfpxm191uv,,510,498,,,,default,,,gfpxm191uv_default,,,,,,,,,,,b,,,,,,,Q8WTC7,7NN4S
m,10.1007/s10126-006-6006-8,AAL33916,376227,GFPxm19uv,,,,,,,,MSKGEELFTGIVPVLIELDGDVHGHKFSVRGEGEGDADYGKLEIKFICTTGKLPVPWPTLVTTLSYGIQCFARYPEHMKMNDFFKSAMPEGYIQERTIFFQDDGKYKTRGEVKFEGDTLVNRIELKGMDFKEDGNILGHKLEYNFNSHNVYIMPDKANNGLKVNFKIRHNIEGGGVQLADHYQTNVPLGDGPVLIPINHYLSTQTAISKDRNETRDHMVFLEFFSACGHTHGMDELYK,gfpxm19uv,,505,393,,,,default,,,gfpxm19uv_default,,,,,,,,,,,b,,,,,,,Q8WTC6,XAQPR
,10.1073/pnas.062552299,AAM10626,3493082,hcriGFP,,,,,,,,MCSYIKETMQSKVYMEGKVNDHNFKCTAEGKGEPYKGSQSLTITVTEGGPLPFAFDILSHAFRYGNKVFAKYPKDHPDFFKQSLPEGFTWERVSNYEDGGVLTVKQETSLEGDCIICKIKAHGTNFPADGPVMQKRTNGWEPSTETVIPRGGGILMRDVPALKLLGNKGHLLCVMETTYKSKKKVNLPKPHFHHLRMEKDSVSDDEKTIEQHENVRASYFNDSGK,hcrigfp,,500,405,,,,default,,,hcrigfp_default,,,,,,,,,,,b,,,,,,,Q8T6T9,C5398
,10.1016/s0006-291x(03)00019-6,AAO16871,94639,hmGFP,,,,,,,,MYSYIKETMRSKVYMEGNVNNHAFKCTAEGEGKPYKGSQKLTITVTEGGPLPFAFDILSHAFQYGNKVFTKYPDDIPDFFKQSLSGGFTWKRVSNYEDGGVLTVDQKTSLEGDCIICNIKVHGTNFPADGPVMQKQTNGWEPSTETVIPRGEGILLRDVPALKLRNNKGHLLCVMETTYKPNKRVNLPKLHFHHLRMEKDSISDDEKTIKQHEDVRASYFNVRFDESS,hmgfp,,510,490,,,,default,,,hmgfp_default,,,,,,,,,,,b,,,,,,,Q86LV4,EKYG9
m,10.1016/j.bbrc.2014.04.042,ABZ11026,14277909,HriGFP,,,,,,,,MPRISDKLMKTRWRGFHSIPSIPPDLGGIYGIGEKTSRRKTTEHLYTGRAKDIKSRLMKHKYGHQAIDRKIRSNIKQKKLSDLRFKFVEERNHKAKEGLAIEGLKKKLGYAPRFNLRKRGWIKAKEKPRPQKEG,hrigfp,,527,507,,,,default,,,hrigfp_default,,,,,,,,,,,b,,,,,,,B0ZZ77,XBY8K
,10.1093/molbev/msh079,AAQ01185,1715857,laesGFP,,,,,,,,MPVMKIECRISGTMNGEEFELVGAGDGNTDEGRMTNKMKSTKGPLSFSPYLLSHIMGYGFYHYATFPAGYENVYLHAAKNGGYTNTRTERYEDGGIISVNFTYRYEGNKVIGDFKVVGSGFPANSVIFTDKIIKSNPTCEHIYPKGDNILVNAYTRTWMLRDGGYYSAQVNNHLHFKTAMHPTMLQNGGSMFTYRKVEELHSQSDVGIVEYQHVFKTPTAFA,laesgfp,,506,491,,,,default,,,laesgfp_default,,,,,,,,,,,b,,,,,,,Q6WV11,7YHAN
,10.1107/s0907444913015424,,,laGFP,,4HVF,,,,,,MHHHHHHGSLLPATHELHIFGSINSLEFDLVGRGTGNPKEGYEELHLKSTKSALQFSPWILVPQIGYGFYQYLPFPDGAMSPFQAAMNDGSGYQVHRTMQFEDGATLTGIYRYTYEGTHIKGEFQVIGTGFPADGPVMTNSLTAADWCVTKIVYPNENTIIDKFDWTYTTTSGKRYQSNVRSNFTFAKPIAANILQKQPMFVFRKTELKHSKTELNFKEWQTAFSDVM,lagfp,,511,502,,,,default,,,lagfp_default,,,,,,,,,,,b,,,,,,,,YYN9U
m,10.1038/s41592-022-01660-7,OP373689,,LSSmGFP,,,,,,,,MVSKGEELFTGVVPILVELDGDVNGHKFSVRGEGEGDATNGKLSLKLISTTGKLPVPWPTLVTTLSYGQMVFARYPDNMKQHDFFKSAMPEGYVQERTISFEDDGYYKTRAEVKFEGDTLVNRIVLKGIDFKEDGNILGHNLEYNFNSHNVYITADKQKNGIKANFKIRHNVEDGGVQLADHYQQNTPIGDGPVLLPDNHYLSIQSKLSKDPNEKRDHMVLKERVTAAGITHDMNELYK,lssmgfp,17.71,510,400,36900,,,default,4.7,0.48,lssmgfp_default,,,,,,,,,,,b,,,,,,,,SGW8V
,10.1016/j.cca.2004.07.002,AAU04448,3612587,McaG2,,,,,,,,MSVIKPDMKIKLRMEGAVNGHNFVIEGEGKGKPFEGTQTINLTVKEGGPLPFAYDILTAAFQYGNRAFTKYPRDIADYFKQSFPEGYSWERSMTYEDQGICIIKSDIRMEGDCFIYEIRYDGVNFPPSGPVMQKKTLKWEPSTEKMYVRDGVLKGEVNMALLLEGGGHYRCDFRSTYKAKKRVQLPDYHFVDHRIEILSHDNDYNTVKLSENAEARYSMLPRQAK,mcag2,,502,492,,,,default,,,mcag2_default,,,,,,,,,,,b,,,,,,,Q66ND3,T93PK
,10.1073/pnas.062552299,AAK71335,858488,mcavGFP,,,,,,,,MTSVAQEKGVIKPDMKMKLRMEGAVNGHKFVVEGDGKGKPFDGTQTMDLTVIEGAPLPFAYDILTTVFDYGNRVFAKYPEDIADYFKQTFPEGYFWERSMTYEDQGICIATNDITMMEGVDDCFAYKIRFDGVNFPANGPVMQRKTLKWEPSTEIMYARDGVLKGDVNMALLLEGGGHYRCDFKTTYKAKKVVRLPDYHFVDHRIEIVSHDKDYNKVKLHEHAEARHGLSRKAK,mcavgfp,,516,506,,,,default,,,mcavgfp_default,,,,,,,,,,,b,,,,,,,Q8T5F2,1SBTT
t,10.1371/journal.pone.0002680,ABB17966,4901566,meffGFP,,,,,,,,MALSKNGVKDRMKLKFHMEGSVNGHEFTIKGEGTGQPYEGTQSIQLRVEKGGPLPFSVDILSAVFLYGNRVFTKYPQDLVDYFKNSCPAGYTWQRSFLFEDGAVCTASADITVSVEENCFYHESKFHGVNFPADGPVMKKMTTNWEPSCEKITPIPNEGILKGDVTMFLLLKDGGRYRCQFDTVYKAKSDPKTIMMPDWHFIQHKLNREDRSDAKHQKWRLVENAIAYRSTLS,meffgfp,53.36,506,492,92000,,,default,,0.58,meffgfp_default,,,,,,,,,,,b,,,,,,,A8CLV1,N6WUS
m,10.1126/science.1068539,,,mEGFP,,,,,,,,MVSKGEELFTGVVPILVELDGDVNGHKFSVSGEGEGDATYGKLTLKFICTTGKLPVPWPTLVTTLTYGVQCFSRYPDHMKQHDFFKSAMPEGYVQERTIFFKDDGNYKTRAEVKFEGDTLVNRIELKGIDFKEDGNILGHKLEYNYNSHNVYIMADKQKNGIKVNFKIRHNIEDGSVQLADHYQQNTPIGDGPVLLPDNHYLSTQSKLSKDPNEKRDHMVLLEFVTAAGITLGMDELYK,megfp,33.6,507,488,56000,,,default,6.0,0.6,megfp_default,,,,,,,,,,,b,,,,,,,,QKFJN
d,10.1016/s0960-9822(02)70789-6,,,mGFP5,,,,,,,,MSKGEELFTGVVPILVELDGDVNGHKFSVSGEGEGDATYGKLTLKFICTTGKLPVPWPTLVTTFSYGVQCFSRYPDHMKQHDFFKSAMPEGYVQERTIFFKDDGNYKTRAEVKFEGDTLVNRIELKGIDFKEDGNILGHKLEYNYNSHNVYIMADKQKNGIKANFKTRHNIEDGGVQLADHYQQNTPIGDGPVLLPDNHYLSTQSALSKDPNEKRDHMVLLEFVTAAGITHGMDELYK,mgfp5,,,,,,,,,,,,,,,,,,,,,b,,,,,,,,9GPZ6
m,10.1038/nmeth.4509,,,mGFPmut3,,,,,,,,MSKGEELFTGVVPILVELDGDVNGHKFSVSGEGEGDATYGKLTLKFICTTGKLPVPWPTLVTTFGYGVQCFARYPDHMKQHDFFKSAMPEGYVQERTIFFKDDGNYKTRAEVKFEGDTLVNRIELKGIDFKEDGNILGHKLEYNYNSHNVYIMADKQKNGIKVNFKIRHNIEDGSVQLADHYQQNTPIGDGPVLLPDNHYLSTQSKLSKDPNEKRDHMVLLEFVTAAGITHGMDELYK,mgfpmut3,34.87,513,500,89400,,4.1,default,,0.39,mgfpmut3_default,,,,,,,,,,,b,,,,,,,,37ZRR
m,10.3389/fbioe.2022.1039317,,,miniGFP1,,,,,,,,MEKSFVITDPWLPDYPIISASDGFLELTEYSREEIMGRNARFLQGPETDQATVQKIRDAIRDRRPTTVQLINYTKSGKKFWNLLHLQPVFDGKGGLQYFIGVQLVGSDHV,minigfp1,5.21,499,450,16800,4.46,,default,4.5,0.31,minigfp1_default,,,,,,,,,,,b,,,,,,,,OOLCX
,10.3389/fbioe.2022.1039317,,,miniGFP2,,,,,,,,MEKSFVITDPWLPDYPIISASDGFLELTEYSRDEIMGRNARFLQGPETDQATVQKIRDAIRDRRPTTVQLINYTKSGKKFWNLLHLQPVFDGKGGLQYFIGVQLVGSDHV,minigfp2,5.18,499,450,16200,4.54,,default,4.4,0.32,minigfp2_default,,,,,,,,,,,b,,,,,,,,UVP48
m,10.1016/j.febslet.2004.06.043,AAO00732,938781,mmGFP,,,,,,,,MAVPTQVKMKYSMDGNFNGQSFTVVGEGTGNPYEGHQSLKLTVKGEPLPFAFDILSATFTYGNRVFTKYPEGKTDYFKEAFPGGLTWERTMTFEDGGICTVAAEISLTGSVFEHKSKFVGVNFPANGPVIQKKTLGWETSTEKMAANDGSVQGYDTMFLKLEGGGRHKCYFVTNHKAKRAVKVPDNHFVWHRLVRNGDGNTVELEETAEARYDS,mmgfp,,505,398,,3.1,1440.0,default,,0.645,mmgfp_default,,,,,,,,,,,b,,,,,,,Q86LV8,U5ALR
d,10.1242/dev.124.6.1133,,,MmGFP6,,,,,,,,MSKGEELFTGVVPILVELDGDVNGYKFSVSGEGEGDATYGKLTLKFICTTGKLPVPWPTLVTTLTYGVQCFSRYPDHMKQHDFFKSAMPEGYVQERTIFFKDDGNYKTRAEVKFEGDTLVNRIELKGIDFKEDGNILGHKLEYNYNSHNVYIMADKQKNGIKANFKTRHNIEDGGVQLADHYQQNTPIGDDPVLLPDNHYLSTQSALSKDPNEKRDHMVLLEFVTAAGITHGMDELYK,mmgfp6,,,,,,,,,,,,,,,,,,,,,b,,,,,,,,CQ6UF
m,10.1038/ncomms8670,,,moxGFP,,,,,,,,MVSKGEELFTGVVPILVELDGDVNGHKFSVRGEGEGDATNGKLTLKFISTTGKLPVPWPTLVTTLTYGVQSFSRYPDHMKRHDFFKSAMPEGYVQERTISFKDDGTYKTRAEVKFEGDTLVNRIELKGIDFKEDGNILGHKLEYNFNSHNVYITADKQKNGIKANFKIRHNVEDGSVQLADHYQQNTPIGDGPVLLPDNHYLSTQSKLSKDPNEKRDHMVLLEFVTAAGITHGMDELYK,moxgfp,50.46,510,486,87000,,17.1,default,,0.58,moxgfp_default,,,,,,,,,,,b,,,,,,,,H99SX
m,10.1126/science.1074952,,,mPA-GFP,,,,,,,,MVSKGEELFTGVVPILVELDGDVNGHKFSVSGEGEGDATYGKLTLKFICTTGKLPVPWPTLVTTFSYGVQCFSRYPDHMKQHDFFKSAMPEGYVQERTIFFKDDGNYKTRAEVKFEGDTLVNRIELKGIDFKEDGNILGHKLEYNYNSHNVYIMADKQKNGIKANFKIRHNIEDGSVQLADHYQQNTPIGDGPVLLPDNHYLSHQSKLSKDPNEKRDHMVLLEFVTAAGITLGMDELYK,mpa-gfp,,,,,,,,,,,,,,,,,,,,,,,,,,,,,NPU85
m,10.1101/811588,,,msGFP2,,,,,,,,MDSTESLFTGVVPILVELDGDVNGHKFSVRGEGEGDATNGKLTLKFICTTGKLPVPWPTLVTTLTYGVQCFSRYPDHMKQHDFFKSAMPEGYVQERTITFKDDGTYKTRAEVKFEGDTLVNRIELKGIDFKEDGNILGHKLEYNYNSHNVYITADKQKNGIKANFKIRHNVEDGSVQLADHYQQNTPIGDGPVLLPDNHYLSTQSKLSKDPNEKRDHMVLLEFVTAAGITGGSGGS,msgfp2,30.8,509,489,52200,,,default,,0.59,msgfp2_default,,,,,,,,,,,b,,,,,,,,4VSRL
m,10.1038/s41598-017-18045-y,,,muGFP,,5JZL,,,,,,MSKGEELFTGVVPILVELDGDVNGHKFSVRGEGEGDATNGKLTLKFICTTGKLPVPWPTLVTTLTYGVLCFSRYPDHMKRHDFFKSAMPEGYVQERTISFKDDGTYKTRAEVKFEGDTLVNRIELKGIDFKEDGNILGHKLEYNFNSHNVYITADKQKNGIKAYFKIRHNVEDGSVQLADHYQQNTPIGDGPVLLPDNHYLSTQSVLSKDPNEKRDHMVLLEDVTAAGITHGMDELYK,mugfp,52.65,508,490,117000,,,default,,0.45,mugfp_default,,,,,,,,,,,b,,,,,,,,UQX41
m,10.1016/j.bpj.2015.06.018,,,NowGFP,,4rtc,4rys,4ryw,,,,MVSKGEKLFTGVVPILVELDGDVNGHKFSVSGEGEGDATYGKMSLKFICTTGKLPVPWPTLKTTLTWGMQCFARYPDHMKQHDFFKSAMPEGYVQERTIFFKDDGNYKTRAEVKFEGDTLVNRIELKGVDFKEDGNILGHKLEYNAISGNANITADKQKNGIKAYFTIRHDVEDGSVLLADHYQQNTPIGDGPVLLPDNHYLSTQSKQSKDPNEKRDHMVLLEFVTAAGIPLGADELYK,nowgfp,43.09,502,494,56700,5.1,,default,6.2,0.76,nowgfp_default,,,,,,,,,,,b,,,,,,,,HXP5A
,10.1039/c1pp05068k,AEL17650,24262673,obeGFP,,,,,,,,MSSAGALLFTNKIPYVTELEGDVNGMKFTIHGKGTGDASTGHIEAKYVCTSGEIPVPWATLVSTMCYGVQCFAKYPSHIKDFYKSAMPEGYIQERTISFEGDGVYKTRAMVTYERGSIYNRVTLTGENFKKDGHILRKNVAFQCLPSILYILPDTVNNGIRVEFNQVYDIEGEIEKLVTKCSQMNRPLAESAAVHIPRYHHISKHTKLSKDLDERRDHMCLVEVVKAVDLDTYQ,obegfp,48.36,515,502,78000,,,default,,0.62,obegfp_default,,,,,,,,,,,b,,,,,,,G1JSF3,782GK
d,10.1038/ncomms8670,,,oxGFP,,,,,,,,MVSKGEELFTGVVPILVELDGDVNGHKFSVRGEGEGDATNGKLTLKFISTTGKLPVPWPTLVTTLTYGVQSFSRYPDHMKRHDFFKSAMPEGYVQERTISFKDDGTYKTRAEVKFEGDTLVNRIELKGIDFKEDGNILGHKLEYNFNSHNVYITADKQKNGIKANFKIRHNVEDGSVQLADHYQQNTPIGDGPVLLPDNHYLSTQSVLSKDPNEKRDHMVLLEFVTAAGITHGMDELYK,oxgfp,50.46,510,486,87000,,,default,,0.58,oxgfp_default,,,,,,,,,,,b,,,,,,,,JJV3D
m,10.1126/science.1074952,,,PA-GFP,,,,,,,,MVSKGEELFTGVVPILVELDGDVNGHKFSVSGEGEGDATYGKLTLKFICTTGKLPVPWPTLVTTFSYGVQCFSRYPDHMKQHDFFKSAMPEGYVQERTIFFKDDGNYKTRAEVKFEGDTLVNRIELKGIDFKEDGNILGHKLEYNYNSHNVYIMADKQKNGIKANFKIRHNIEDGSVQLADHYQQNTPIGDGPVLLPDNHYLSHQSALSKDPNEKRDHMVLLEFVTAAGITLGMDELYK,pa-gfp,13.75,517,504,17400,,,On,,0.79,pa-gfp_on,,,,,,,Off,,,pa-gfp_off,pa,pa-gfp_off,pa-gfp_on,400,,,,,7QYHY
,10.1093/molbev/msh079,AAQ01188,1715639,pdae1GFP,,,,,,,,MAAMKIECRITGTMNGVEFELVGGGEGNTDQGRMTNKMKSTKGPLSFSPYLLSHVMGYGFYHFGTFPSGYENPYVHAMTNGGYTNTRIESYEDGGVLYLTFNYRLDGNKIIGDFKCVGTGFPEDSVIFTDKIIKSNPNCEHFYPMAENIMKNAYMRTLSLRDGGYYSGQVTSHIHFKNAIHPSILHNGGSMFTYRRVEELHTQTDLGIVEYQHVFKTPTAFA,pdae1gfp,71.4,511,491,105000,,,default,,0.68,pdae1gfp_default,,,,,,,,,,,b,,,,,,,Q6WV08,QNZSY
td,10.1038/srep28166,,,pH-tdGFP,,,,,,,,MSKGEELFTGVVPILVELDGDVNGHKFSVRGEGEGDATNGKLTLKFICTTGKLPVPWPTLVTTLTYGVQCFSRYPDHMKRHDFFKSAMPEGYVQERTISFKDDGTYKTRAEVKFEGDTLVNRIELKGIDFKEDGNILGHKLEYNFNSHYVYITADKQKNGIKANFKIRHNVEDGSVQLADHYQQNTPIGDGPVLLPDNHYLSTHSVLSKDPNEKRDHMVLLEFVTAAGITHGHGTGSTGSGSSGTASSEDNNMALFTGVVPILVELDGDVNGHKFSVRGEGEGDATNGKLTLKFICTTGKLPVPWPTLVTTLTYGVQCFSRYPDHMKRHDFFKSAMPEGYVQERTISFKDDGTYKTRAEVKFEGDTLVNRIELKGIDFKEDGNILGHKLEYNFNSHYVYITADKQKNGIKANFKIRHNVEDGSVQLADHYQQNTPIGDGPVLLPDNHYLSTHSVLSKDPNEKRDHMVLLEFVTAAGITHGMDELYK,ph-tdgfp,,515,488,,,,default,4.8,,ph-tdgfp_default,,,,,,,,,,,b,,,,,,,,9GPWY
t,10.1371/journal.pone.0002680,ACD13194,14926075,plamGFP,,,,,,,,MEIEDVIKRDMKIKLRMEGAVNGHKFVIIGNGDGKPYEGTQTIDLEVIEGAPLPFAFDILTTVFEYGNRVFAKYPNEIVDYFKQSFPEGYSWERSMTYEDGGICIATNNITLSKVIDNCFHYNIRFDGVNFPPKSPVLQKTTMKWEPSTEIMYVRDGVLKGDVNMALLIEGGGHYRCDFKTIYKAKKVVELPDYHFVDHRITIKSHDKDYNKVLLHEHAKARYGLQRKAK,plamgfp,94.66,514,502,98600,,,default,,0.96,plamgfp_default,,,,,,,,,,,b,,,,,,,B6CTZ5,4UCC6
,10.1093/molbev/msh079,AAQ01186,1715619,pmeaGFP1,,,,,,,,MPDMKLECHISGTMNGEEFELIGAGDGNTDEGRMTNKMKSIKGPISFSPYLLSHILGYGYYHFATFPAGYENIYLHAMKNGGYSNVRTERYEDGGIISITFNYRYEGNKIIGDFKVVGTGFPTNSLIFTDKIIKSNPTCENMFPKADNTLVNAYTRTYLLKDGGYYSAQVNNHMHFKSAIHTTMLQNGGSMFTYRVVEETHTQNEVAIVEYQNVFKTPTAFA,pmeagfp1,73.26,504,489,99000,,,default,,0.74,pmeagfp1_default,,,,,,,,,,,b,,,,,,,Q6WV10,8BUQQ
,10.1093/molbev/msh079,AAQ01187,1715617,pmeaGFP2,,,,,,,,MPDMKLECHISGTMNGEEFELIGSGDGNTDQGRMTNNMKSIKGPLSFSPYLLSHILGYGYYHFATFPAGYENIYLHAMKNGGYSNVRTERYEDGGIISITFNYRYEGSKIIGDFKVIGTGFPTDSLIFTDKIIKSNPTCENMFPKADNILVNAYTRTYLLKDGGYYSAQVNNHMHFKSAIHPTMLQNGGSMFTHRVVEENHTKTNVAIVEYQNVFKTPTAFA,pmeagfp2,70.56,502,487,98000,,,default,,0.72,pmeagfp2_default,,,,,,,,,,,b,,,,,,,Q6WV09,MEFJC
t,10.1371/journal.pone.0011517,ACT99046,18218400,pmimGFP1,,,,,,,,MPNMKLECRISGTMNGEEFELVGNGDGNTDEGRMTNKMKSTKGPLSFSPYLLSHVLGYGYYHYATFPAGYENVYLHAMKNGGYSNTRTERYEDGGIISATFNYRYEGDKIIGDFKVVGTGFPTNSIIFTDKIIKSNPTCEHIYPKADNILVNAYTRTWMLRDGGYYSAQVNNHMHFKSAIHPTMLQNGGSMFTYRKVEELHTQTEVGIVEYQHVFKTPTAFA,pmimgfp1,72.68,505,491,79000,,,default,5.3,0.92,pmimgfp1_default,,,,,,,,,,,b,,,,,,,D2IGW0,OW4TY
t,10.1371/journal.pone.0011517,ACT99047,18218401,pmimGFP2,,,,,,,,MPNMKLECRISGTMNGEEFKLVGAGEGNTDEGRMTNKVKSTKGPLPFSPYLLSHVLGYGYYHYATFPAGYENVYLHAMKNGGYSNTRTERYEDGGIISATFNYRYEGDKIIGDFKVVGTGFPTNSIIFTDKIIKSNPTCEHIYPKADNILVNAYTRTWMLRDGGYYSAQVNNHMHFKSAIHPTMLQNGGSMFTYRKVEELHTQTEVGIVEYQHVFKRPTAFA,pmimgfp2,72.68,505,491,79000,,,default,4.7,0.92,pmimgfp2_default,,,,,,,,,,,b,,,,,,,D2IGW1,U97V7
,10.1093/molbev/msh079,AAQ01183,1715606,ppluGFP1,,,,,,,,MPAMKIECRISGTLNGVVFELVGGGEGIPEQGRMTNKMKSTKGALTFSPYLLSHVMGYGFYHFGTYPSGYENPFLHAANNGGYTNTRIEKYEDGGVLHVSFSYRYEAGRVIGDFKVVGTGFPEDSVIFTDKIIRSNATVEHLHPMGDNVLVGSFARTFSLRDGGYYSFVVDSHMHFKSAIHPSILQNGGSMFAFRRVEELHSNTELGIVEYQHAFKTPTAFA,pplugfp1,39.0,500,480,65000,,,default,,0.6,pplugfp1_default,,,,,,,,,,,b,,,,,,,Q6WV13,VPR4D
m,10.1093/molbev/msh079,AAQ01184,1715614,ppluGFP2,,2G3O,,,,,,MPAMKIECRITGTLNGVEFELVGGGEGTPEQGRMTNKMKSTKGALTFSPYLLSHVMGYGFYHFGTYPSGYENPFLHAINNGGYTNTRIEKYEDGGVLHVSFSYRYEAGRVIGDFKVVGTGFPEDSVIFTDKIIRSNATVEHLHPMGDNVLVGSFARTFSLRDGGYYSFVVDSHMHFKSAIHPSILQNGGPMFAFRRVEELHSNTELGIVEYQHAFKTPIAFA,pplugfp2,42.0,502,482,70000,,,default,,0.6,pplugfp2_default,,,,,,,,,,,b,,,,,,,Q6WV12,2BK6M
t,10.1371/journal.pone.0002680,ABB17964,4901503,pporGFP,,,,,,,,MALSKQVTMKYHMDGRFEDKEFTIEGEGTGKPYEGKQTVTLWVTKGAPLPFSFDILSAVFLYGNRAFTDYPKGIVDYFKPSFPEGYSFERTLEFEDGGYCTASADISLDSASNCFIHKSSFKGVKFPDNGPVKQKKTTNWEPSIEKMTVRDGILKGDVTMFLSLTDGGNHRCQFSTLYKAKKAVKLPTESHYVEHRLVRTDLPNGKVQLEEHAAARLNTV,pporgfp,53.03,507,495,98200,,,default,,0.54,pporgfp_default,,,,,,,,,,,b,,,,,,,A8CLU1,W7ZR3
,10.1101/2022.10.11.511732,,,PROSS-eGFP,,,,,,,,MGSSHHHHHHVSKGEELFTGVVPILVELDGDVNGHKFSVRGEGEGDATYGKLTLKFICTTGKLPVPWPTLVTTLTYGVQCFSRYPDHMKQHDFFKSAMPEGYVQERTIFFKDDGCYKTRAEVKFEGDTLVNRIELHGIDFKEDGNILGHKLEYNFNSHNVYIMPDKQNNGIKVNFKIRHNIEDGSVQLADHYQQNTPIGDGPVLLPDYHYLHTWSELSKDPNEKRDHMVLLEFVEAAGITLGMDELYK,pross-egfp,,509,488,,0.99,,default,5.37,0.57,pross-egfp_default,,,,,,,,,,,b,,,,,,,,3HHOA
,10.1073/pnas.062552299,AAG54097,967512,ptilGFP,,,,,,,,MNRNVLKNTGLKEIMSAKASVEGIVNNHVFSMEGFGKGNVLFGNQLMQIRVTKGGPLPFAFDIVSIAFQYGNRTFTKYPDDIADYFVQSFPAGFFYERNLRFEDGAIVDIRSDISLEDDKFHYKVEYRGNGFPSNGPVMQKAILGMEPSFEVVYMNSGVLVGEVDLVYKLESGNYYSCHMKTFYRSKGGVKEFPEYHFIHHRLEKTYVEEGSFVEQHETAIAQLTTIGKPLGSLHEWV,ptilgfp,,508,500,,,,default,,,ptilgfp_default,,,,,,,,,,,b,,,,,,,Q9BLZ0,DMJJX
,10.1073/pnas.062552299,AAK71338,110579,rfloGFP,,,,,,,,MSALKEEMKIKLKMVGVVNGQSFQIDGEGKGKPYEGSQKLTLEVVEGGPLLFSYDILTTIFQYGNRAFVNYPKDIPDIFKQTCSGPDGGFSWQRTMTYEDGGVCTASNHISVDGDTFYYVIRFNGENFPPNGPVMQKRTVKWEPSTEIMFERDGLLRGDIAMSLLLKGGGHYRCDFKTIYTPKRKVNMPGYHFVDHCIEIQKHDKDYNMAVLSEDAVAHNSPLEKKSQAKA,rflogfp,,518,508,,,,default,,,rflogfp_default,,,,,,,,,,,b,,,,,,,Q8T5E9,OM1OY
,10.1007/s10126-007-9072-7,AAU06844,3620744,rfloGFP2,,,,,,,,MNALQEEMKIKLTMVGVVNGQSFKIDGKGKGKPYEGSQELTLKVVEGGPLLFSYDILTTIFQYGNRAFVNYPKDIPDIFKQTCSGLDGGYSWQRTMTYEDGGVCTATSNVSVVGDTFNYEIHFMGANFPPNGPVMQKRTVKWEPSTEIXFERDGLLRGDVPMSLLLKGGDHYRCDFKTIYKPNKKVKLPGYHFVDHCIEIKSQENDYNMVALFEDAVAHYSPLEKKSQAKA,rflogfp2,,,,,,,,,,,,,,,,,,,,,,,,,,,,Q66PW0,SAK3D
,10.1074/jbc.m312846200,,,roGFP1,,1JC0,,,,,,MSKGEELFTGVVPILVELDGDVNGHKFSVSGEGEGDATYGKLTLKFISTTGKLPVPWPTLVTTLGYGVQCFSRYPDHMKRHDFFKSAMPEGYVQERTIFFKDDGNYKTRAEVKFEGDTLVNRIELKGIDFKEDGNILGHKLEYNYNCHNVYIMADKQKNGIKVNFKIRHNIEDGSVQLADHYQQNTPIGDGPVLLPDNHYLSTCSALSKDPNEKRDHMVLLEFVTAAGITHGMDELYK,rogfp1,,508,475,,,,default,,,rogfp1_default,,,,,,,,,,,b,,,,,,,,ZE3SV
,10.1074/jbc.m312846200,,,roGFP1-R1,,2AH8,,,,,,MSKGEELFTGVVPILVELDGDVNGHKFSVSGEGEGDATYGKLTLKFISTTGKLPVPWPTLVTTFSYGVQCFSRYPDHMKRHDFFKSAMPEGYVQERTIFFKDDGNYKTRAEVKFEGDTLVNRIELKGIDFKEDGNILGHKLEYNYNCHNVYIMADKQKNGIKVNFKIRHNIEDGSVQLADHYQQNTPIGDGPVLLPDNHYLKTCSALSKDPNEKRDHMVLLERVTAAGITHGMDELYK,rogfp1-r1,,508,400,,,,default,,,rogfp1-r1_default,,,,,,,,,,,b,,,,,,,,Y8A5R
,10.1074/jbc.m312846200,,,roGFP1-R8,,2AHA,,,,,,MSKGEELFTGVVPILVELDGDVNGHKFSVSGEGEGDATYGDLTLKFISTTGKLPVPWPTLVTTFSYGVQCFSRYPDHMKRHDFFKSAMPEGYVQERTIFFKDDGNYKTRAEVKFEGDTLVNRIELKGIDFKEDGNILGHKLEYNYNCHNVYIMADKQKNGIKVNFKIRHNIEDGSVQLADHYQQNTPIGDGPVLLPDNHYLSTCSALSKDPNEKRDHMVLLERVTAAGITHGMDELYK,rogfp1-r8,,511,400,,,,default,,,rogfp1-r8_default,,,,,,,,,,,b,,,,,,,,U5JBT
,10.1074/jbc.m312846200,,,roGFP2,,1JC1,,,,,,MSKGEELFTGVVPILVELDGDVNGHKFSVSGEGEGDATYGKLTLKFISTTGKLPVPWPTLVTTLTYGVQCFSRYPDHMKRHDFFKSAMPEGYVQERTIFFKDDGNYKTRAEVKFEGDTLVNRIELKGIDFKEDGNILGHKLEYNYNCHNVYIMADKQKNGIKVNFKIRHNIEDGSVQLADHYQQNTPIGDGPVLLPDNHYLSTCSALSKDPNEKRDHMVLLEFVTAAGITHGMDELYK,rogfp2,,511,490,,,,default,,,rogfp2_default,,,,,,,,,,,b,,,,,,,,KTFOJ
d,10.1007/s10126-007-9072-7,AAK54757,267657,rrenGFP,,,,,,,,MDLAKLGLKEVMPTKINLEGLVGDHAFSMEGVGEGNILEGTQEVKISVTKGAPLPFAFDIVSVAFSYGNRAYTGYPEEISDYFLQSFPEGFTYERNIRYQDGGTAIVKSDISLEDGKFIVNVDFKAKDLRRMGPVMQQDIVGMQPSYESMYTNVTSVIGECIIAFKLQTGKHFTYHMRTVYKSKKPVETMPLYHFIQHRLVKTNVDTASGYVVQHETAIAAHSTIKKIEGSLP,rrengfp,,508,485,,,,default,,,rrengfp_default,,,,,,,,,,,b,,,,,,,Q963I9,6HML4
,10.1016/j.jmb.2007.09.078,,,rrGFP,,2RH7,,,,,,MDLAKLGLKEVMPTKINLEGLVGDHAFSMEGVGEGNILEGTQEVKISVTKGAPLPFAFDIVSVAFGYGNRAYTGYPEEISDYFLQSFPEGFTYERNIRYQDGGTAIVKSDISLEDGKFIVNVDFKAKDLRRMGPVMQQDIVGMQPSYESMYTNVTSVIGECIIAFKLQTGKHFTYHMRTVYKSKKPVETMPLYHFIQHRLVKTNVDTASGYVVQHETAIAAHSTIKKIEGSLPVD,rrgfp,,,,,,,,,,,,,,,,,,,,,,,,,,,,,84CGO
m,10.1038/nature10497,AFM74241,,rsEGFP,,,,,,,,MVSKGEELFTGVVPILVELDGDVNGHKFSVSGEGEGDATYGKLTLKFICTTGKLPVPWPTLVTTLTYGVLCFSRYPDHMKQHDFFKSAMPEGYVQERTIFFKDDGNYKTRAEVKFEGDTLVNRIELKGIDFKEDGNILGHKLEYNYNSHNAYIMADKQKNGIKSNFKIRHNIEDGSVQLADHYQQNTPIGDGPVLLPDNHYLSTQNKLSKDPNEKRDHMVLLEFVTAAGITLGMDELYK,rsegfp,16.92,510,493,47000,,180.0,On,6.5,0.36,rsegfp_on,,,,,,,Off,,,rsegfp_off,ps,rsegfp_on,rsegfp_off,491,rsegfp_off,rsegfp_on,405,,JYYJ1
m,10.7554/elife.00248,,,rsEGFP2,,5DTX,5O8A,5O8C,5O89,5DTY,5O8B,MVSKGEELFTGVVPILVELDGDVNGHKFSVSGEGEGDATYGKLTLKFICTTGKLPVPWPTLVTTLAYGVLCFSRYPDHMKQHDFFKSAMPEGYVQERTIFFKDDGNYKTRAEVKFEGDTLVNRIELKGIDFKEDGNILGHKLEYNYNSHNVYIMADKQKNGIKSNFKIRHNIEDGSVQLADHYQQNTPIGDGPVLLPDNHYLSTQSKLSKDPNEKRDHMVLLEFVTAAGITLGMDELYK,rsegfp2,,,,,,,Off,,,rsegfp2_off,18.39,503,478,61300,,20.0,On,5.8,0.3,rsegfp2_on,ps,rsegfp2_on,rsegfp2_off,503,rsegfp2_off,rsegfp2_on,408,,4Z6XY
,10.1038/nbt0295-151,,,RSGFP1,,,,,,,,MSKGEELFTGVVPILVELDGDVNGHKFSVSGEGEGDATYGKLTLKFICTTGKLPVPWPTLVTTGSYGLLCFSRYPDHMKQHDFFKSAMPEGYVQERTIFFKDDGNYKTRAEVKFEGDTLVNRIELKGIDFKEDGNILGHKLEYNYNSHNVYIMADKQKNGIKVNFKIRHNIEDGSVQLADHYQQNTPIGDGPVLLPDNHYLSTQSALSKDPNEKRDHMVLLEFVTAAGITHGMDELYK,rsgfp1,,,,,,,,,,,,,,,,,,,,,,,,,,,,,T83KT
,10.1038/nbt0295-151,,,RSGFP2,,,,,,,,MSKGEELFTGVVPILVELDGDVNGHKFSVSGEGEGDATYGKLTLKFICTTGKLPVPWPTLVTTLLYGAQCFSRYPDHMKQHDFFKSAMPEGYVQERTIFFKDDGNYKTRAEVKFEGDTLVNRIELKGIDFKEDGNILGHKLEYNYNSHNVYIMADKQKNGIKVNFKIRHNIEDGSVQLADHYQQNTPIGDGPVLLPDNHYLSTQSALSKDPNEKRDHMVLLEFVTAAGITHGMDELYK,rsgfp2,,,,,,,,,,,,,,,,,,,,,,,,,,,,,46PO9
,10.1038/nbt0295-151,,,RSGFP3,,,,,,,,MSKGEELFTGVVPILVELDGDVNGHKFSVSGEGEGDATYGKLTLKFICTTGKLPVPWPTLVTTGCYGMNCFSRYPDHMKQHDFFKSAMPEGYVQERTIFFKDDGNYKTRAEVKFEGDTLVNRIELKGIDFKEDGNILGHKLEYNYNSHNVYIMADKQKNGIKVNFKIRHNIEDGSVQLADHYQQNTPIGDGPVLLPDNHYLSTQSALSKDPNEKRDHMVLLEFVTAAGITHGMDELYK,rsgfp3,,,,,,,,,,,,,,,,,,,,,,,,,,,,,O1Z8P
,10.1038/nbt0295-151,,,RSGFP4,,,,,,,,MSKGEELFTGVVPILVELDGDVNGHKFSVSGEGEGDATYGKLTLKFICTTGKLPVPWPTLVTTMGYGVLCFSRYPDHMKQHDFFKSAMPEGYVQERTIFFKDDGNYKTRAEVKFEGDTLVNRIELKGIDFKEDGNILGHKLEYNYNSHNVYIMADKQKNGIKVNFKIRHNIEDGSVQLADHYQQNTPIGDGPVLLPDNHYLSTQSALSKDPNEKRDHMVLLEFVTAAGITHGMDELYK,rsgfp4,,,,,,,,,,,,,,,,,,,,,,,,,,,,,MY788
,10.1038/nbt0295-151,,,RSGFP6,,,,,,,,MSKGEELFTGVVPILVELDGDVNGHKFSVSGEGEGDATYGKLTLKFICTTGKLPVPWPTLVTTVAYGMLCFSRYPDHMKQHDFFKSAMPEGYVQERTIFFKDDGNYKTRAEVKFEGDTLVNRIELKGIDFKEDGNILGHKLEYNYNSHNVYIMADKQKNGIKVNFKIRHNIEDGSVQLADHYQQNTPIGDGPVLLPDNHYLSTQSALSKDPNEKRDHMVLLEFVTAAGITHGMDELYK,rsgfp6,,,,,,,,,,,,,,,,,,,,,,,,,,,,,C2KOO
,10.1038/nbt0295-151,,,RSGFP7,,,,,,,,MSKGEELFTGVVPILVELDGDVNGHKFSVSGEGEGDATYGKLTLKFICTTGKLPVPWPTLVTTLCYGTVCFSRYPDHMKQHDFFKSAMPEGYVQERTIFFKDDGNYKTRAEVKFEGDTLVNRIELKGIDFKEDGNILGHKLEYNYNSHNVYIMADKQKNGIKVNFKIRHNIEDGSVQLADHYQQNTPIGDGPVLLPDNHYLSTQSALSKDPNEKRDHMVLLEFVTAAGITHGMDELYK,rsgfp7,,,,,,,,,,,,,,,,,,,,,,,,,,,,,8HG8O
t,10.1371/journal.pone.0002680,ACD13195,14926076,sarcGFP,,,,,,,,MSVIKQEMKIKLHMDGNVNGHAFVIEGDGKGKPYDGTQTLNLSVKEGAPLPFSYDILTNAFQYGNRAFTKYPADIPDYFKQTFPEGYSWERTMSYEDNAICNVRSEISMEGDCFIYKIRFDGKNFPPNGPVMQKKTLKWEPSTEMMYARDGFLMGDVNMALLLEGGGHHRCDFKTSYKAAKKNVQLPDYHYVDHRIEILSHDRDYNKVKLYENAVARYSLLPSQA,sarcgfp,73.63,500,483,76700,,,default,,0.96,sarcgfp_default,,,,,,,,,,,b,,,,,,,B6CTZ6,1BEMJ
,10.1073/pnas.062552299,AAK71333,1193179,scubGFP1,,,,,,,,MQRAGMKVKEHMKIKLRMGGTVNGKHFAVNGTGDGYPYQGKQILKLIVEGSEPLPFAFDILSAAFQYGNRAFTEYPTEIADYFKQSFEFGEGFSWERSFTFEDGAICVATNDITMVGGEFQYDIRFDGLNFPXDGPVMQKKTVKWEPSTEIMYMQNGVLKGEVNMALLLXDKSHYRCDLKTTYKAKNNVPHPPGYHYVDHCIEILEERKDHVKLREHAKARSSLSPTSAKERKA,scubgfp1,,506,497,,,,default,,,scubgfp1_default,,,,,,,,,,,b,,,,,,,Q8T5F3,S1LK3
,10.1073/pnas.062552299,AAK71337,134734,scubGFP2,,,,,,,,MQSAGKKNVVKDFMKITLRMDGAVNGKPFAVNGTGDGNPYGGIQSLKLTVDGNKPLPFAFDILSAAFQYGNRAFTEYPKEISDYFKQSFEFGEGFTWERSFTFEDGAICVATNDIKMVGDEFQYNIRFDGVNFPEDGPVMQKKTVKWEPSTEIMRVQGGVLKGEVNMALLLKDKSHYRCDFKTTYKAKNPVPPTALPXYHYVDHCIEITEENRDYVKLQEYAKARSGLHLPELQK,scubgfp2,,506,497,,,,default,,,scubgfp2_default,,,,,,,,,,,b,,,,,,,Q8T5F0,NJL9P
m,10.1021/bi0622874,ABM97851,6755340,SGFP1,,,,,,,,MVSKGEELFTGVVPILVELDGDVNGHKFSVSGEGEGDATYGKLTLKFICTTGKLPVPWPTLVTTLTYGLQCFARYPDHMKQHDFFKSAMPEGYVQERTIFFKDDGNYKTRAEVKFEGDTLVNRIELKGIDFKEDGNILGHKLEYNYNSHNVYITADKQKNGIKANFKIRHNIEDGGVQLADHYQQNTPIGDGPVLLPDNHYLSTQSKLSKDPNEKRDHMVLLEFVTAAGITLGMDELYK,sgfp1,26.04,512,495,42000,,,default,6.0,0.62,sgfp1_default,,,,,,,,,,,b,,,,,,,,TZ5KN
m,10.1021/bi0622874,ABM97852,6755366,SGFP2,,,,,,,,MVSKGEELFTGVVPILVELDGDVNGHKFSVSGEGEGDATYGKLTLKFICTTGKLPVPWPTLVTTLTYGVQCFARYPDHMKQHDFFKSAMPEGYVQERTIFFKDDGNYKTRAEVKFEGDTLVNRIELKGIDFKEDGNILGHKLEYNYNSHNVYITADKQKNGIKANFKIRHNIEDGGVQLADHYQQNTPIGDGPVLLPDNHYLSTQSKLSKDPNEKRDHMVLLEFVTAAGITLGMDELYK,sgfp2,32.2,512,495,46000,,,default,5.9,0.7,sgfp2_default,,,,,,,,,,,b,,,,,,,,TR5BB
m,10.1021/bi0622874,,,SGFP2(206A),,,,,,,,MVSKGEELFTGVVPILVELDGDVNGHKFSVSGEGEGDATYGKLTLKFICTTGKLPVPWPTLVTTLTYGVQCFARYPDHMKQHDFFKSAMPEGYVQERTIFFKDDGNYKTRAEVKFEGDTLVNRIELKGIDFKEDGNILGHKLEYNYNSHNVYITADKQKNGIKANFKIRHNIEDGGVQLADHYQQNTPIGDGPVLLPDNHYLSTQSALSKDPNEKRDHMVLLEFVTAAGITLGMDELYK,sgfp2206a,30.36,512,496,44000,,,default,6.0,0.69,sgfp2206a_default,,,,,,,,,,,b,,,,,,,,LS1K6
,10.1021/bi0622874,,,SGFP2(E222Q),,,,,,,,MVSKGEELFTGVVPILVELDGDVNGHKFSVSGEGEGDATYGKLTLKFICTTGKLPVPWPTLVTTLTYGVQCFARYPDHMKQHDFFKSAMPEGYVQERTIFFKDDGNYKTRAEVKFEGDTLVNRIELKGIDFKEDGNILGHKLEYNYNSHNVYITADKQKNGIKANFKIRHNIEDGGVQLADHYQQNTPIGDGPVLLPDNHYLSTQSKLSKDPNEKRDHMVLLQFVTAAGITLGMDELYK,sgfp2e222q,34.84,512,496,67000,,,default,6.0,0.52,sgfp2e222q_default,,,,,,,,,,,b,,,,,,,,49YLM
m,10.1021/bi0622874,,,SGFP2(T65G),,,,,,,,MVSKGEELFTGVVPILVELDGDVNGHKFSVSGEGEGDATYGKLTLKFICTTGKLPVPWPTLVTTLGYGVQCFARYPDHMKQHDFFKSAMPEGYVQERTIFFKDDGNYKTRAEVKFEGDTLVNRIELKGIDFKEDGNILGHKLEYNYNSHNVYITADKQKNGIKANFKIRHNIEDGGVQLADHYQQNTPIGDGPVLLPDNHYLSTQSKLSKDPNEKRDHMVLLEFVTAAGITLGMDELYK,sgfp2t65g,31.5,512,501,90000,,,default,6.7,0.35,sgfp2t65g_default,,,,,,,,,,,b,,,,,,,,BL164
m,10.1016/j.jneumeth.2018.12.008,,,SiriusGFP,,,,,,,,MVSKGEELFTGVVPILVELDGDVNGHKFSVRGEGEGDATNGKLTLKFICTTGKLPVPWPTLVTTLTYGVQCFSRYPDHMKQHDFFKSAMPEGYVQERTISFKDDGTYKTRAEVKFEGDTLVNRIELKGIDFKEDGNILGHKLEYNYNRHNVYITADKQKNGIKANFKIRHNIEDGSVQLADHYQQNTPIGDGPVLLPDNHYLSTQVKLSKDPNEKRDHMVLLEFVTAAGITLGMDELYK,siriusgfp,12.11,516,504,56600,,,default,5.29,0.214,siriusgfp_default,,,,,,,,,,,b,,,,,,,,4OC6N
,10.1038/nbt1044,,,spGFP 11,,,,,,,,RDHMVLHEYVNAAGIT,spgfp-11,,,,,,,,,,,,,,,,,,,,,b,,,,,,,,X8MG1
,10.1038/nbt1044,,,spGFP1-10,,,,,,,,MSKGEELFTGVVPILVELDGDVNGHKFSVRGEGEGDATIGKLTLKFICTTGKLPVPWPTLVTTLTYGVQCFSRYPDHMKRHDFFKSAMPEGYVQERTISFKDDGKYKTRAVVKFEGDTLVNRIELKGTDFKEDGNILGHKLEYNFNSHNVYITADKQKNGIKANFTVRHNVEDGSVQLADHYQQNTPIGDGPVLLPDNHYLSTQTVLSKDPNEK,spgfp1-10,,,,,,,,,,,,,,,,,,,,,b,,,,,,,,8B9TX
t,10.1371/journal.pone.0002680,ABB17963,4901524,stylGFP,,,,,,,,MALTKQCIANEMTMTFHMDGCVNGHYFTIEGEGSGRPYEGKQMSKFKVTKGGPLPFSFDILSSAFKYGNRCFTAYPAGMHDYFKQAFPEGMSYERTFTFEDGGVATASGDISLKGNCFVHKSMFHGVNFPADGPVMKKKTTGWDPSFEKMTVCNGILKGDVTMFLMLEDGKNYKCQFHTSYKTKKPVTLPSNHVVEHRIVRTNLDKAGNHVQLDEHAVAHVNPL,stylgfp,60.69,500,485,86700,,,default,,0.7,stylgfp_default,,,,,,,,,,,b,,,,,,,A8CLT7,FWVH2
wd,10.1038/nbt1172,ASL68970,154375264,Superfolder GFP,,2B3P,2Q6P,,,,,MSKGEELFTGVVPILVELDGDVNGHKFSVRGEGEGDATNGKLTLKFICTTGKLPVPWPTLVTTLTYGVQCFSRYPDHMKRHDFFKSAMPEGYVQERTISFKDDGTYKTRAEVKFEGDTLVNRIELKGIDFKEDGNILGHKLEYNFNSHNVYITADKQKNGIKANFKIRHNVEDGSVQLADHYQQNTPIGDGPVLLPDNHYLSTQSVLSKDPNEKRDHMVLLEFVTAAGITHGMDELYK,superfolder-gfp,54.15,510,488,83300,3.1,13.6,default,,0.65,superfolder-gfp_default,,,,,,,,,,,b,,,,,,,,B4SOW
d,10.1016/j.chembiol.2008.08.006,,,TagGFP,,,,,,,,MSGGEELFAGVVPILVELDGDVNGHKFSVSGEGEGDATYGKLTLKFICTTGKLPVPWPTLVTTLCYGVQCFSRYPDHMKQHDFFKSAMPEGYVQERTILFKDDGNYKTRAEVKFEGDTLVNRIELKGKDFKEDGNILGHKLEYSYNSHNVYIMADKQKNGIEVNFKTRHNIEDGSVQLADHYQQNTPIGDGPVLLPDNHYLSTQSALSKDPNEARDHMVLLELSTAACITHGMDELYR,taggfp,33.0,505,482,55000,,18.0,default,5.0,0.6,taggfp_default,,,,,,,,,,,b,,,,,,,,2V75Y
m,10.1016/j.chembiol.2008.08.006,,,TagGFP2,,,,,,,,MSGGEELFAGIVPVLIELDGDVHGHKFSVRGEGEGDADYGKLEIKFICTTGKLPVPWPTLVTTLCYGIQCFARYPEHMKMNDFFKSAMPEGYIQERTIQFQDDGKYKTRGEVKFEGDTLVNRIELKGKDFKEDGNILGHKLEYSFNSHNVYIRPDKANNGLEANFKTRHNIEGGGVQLADHYQTNVPLGDGPVLIPINHYLSTQTKISKDRNEARDHMVLLESFSACCHTHGMDELYR,taggfp2,33.9,506,483,56500,3.2,11.0,default,4.7,0.6,taggfp2_default,,,,,,,,,,,b,,,,,,,,GJETS
,10.1038/srep02854,,,TripartiteGFP,,,,,,,,MRKGEELFTGVVPILIELDGDVNGHKFFVRGEGEGDATIGKLSLKFICTTGKLPVPWPTLVTTLTYGVQCFSRYPDHMKRHDFFKSAMPEGYVQERTIYFKDDGTYKTRAEVKFEGDTLVNRIELKGIDFKEDGNILGHKLEYNFNSHKVYITADKQNNGIKANFTIRHNVEDGSVQLADHYQQNTPIGDGPVLLPMDLPDDHYLSTQTILSKDLNEKRDHMVLLEYVTAAGITDAS,tripartitegfp,,514,480,,,,default,,,tripartitegfp_default,,,,,,,,,,,b,,,,,,,,UDYQ6
,10.1093/nar/gks786,,,Trp-less GFP,,3UG0,3UFZ,,,,,KSKGEELFAGVVPILVELDGDVNGHKFSVSGEGEGDATYGKLTLKFICTTGKLPVPFPTLVTTLSYGVQCFSRYPDHMKRHDFFKSAMPEGYVQERTISFKDDGNYKTRAEVKFEGDTLVNRIELKGIDFKEDGNILGHKLEYNYNSHNVYITADKQKNGIKANFKIRHNIEDGSVQLADHYQQNTPIGDGPVLLPDNHCLSTQTVLSKDPNEKRDHMVLLEFVTAAGI,trp-less-gfp,,,,,,,,,,,,,,,,,,,,,,,,,,,,,9ZKVW
d,10.1038/sj.embor.7400787,ASW25889,158972076,TurboGFP,,2G6X,,,,,,MESDESGLPAMEIECRITGTLNGVEFELVGGGEGTPEQGRMTNKMKSTKGALTFSPYLLSHVMGYGFYHFGTYPSGYENPFLHAINNGGYTNTRIEKYEDGGVLHVSFSYRYEAGRVIGDFKVMGTGFPEDSVIFTDKIIRSNATVEHLHPMGDNDLDGSFTRTFSLRDGGYYSSVVDSHMHFKSAIHPSILQNGGPMFAFRRVEEDHSNTELGIVEYQHAFKTPDADAGEE,turbogfp,37.1,502,482,70000,,25.0,default,5.2,0.53,turbogfp_default,,,,,,,,,,,b,,,,,,,,A315M
d,10.1038/sj.embor.7400787,,,TurboGFP-V197L,,,,,,,,LPAMEIECRITGTLNGVEFELVGGGEGTPEQGRMTNKMKSTKGALTFSPYLLSHVMGYGFYHFGTYPSGYENPFLHAINNGGYTNTRIEKYEDGGVLHVSFSYRYEAGRVIGDFKVMGTGFPEDSVIFTDKIIRSNATVEHLHPMGDNDLDGSFTRTFSLRDGGYYSSVVDSHMHFKSAIHPSILQNGGPMFAFRRLEEDHSNTELGIVEYQHAFKTPD,turbogfp-v197l,,502,482,,,,default,,,turbogfp-v197l_default,,,,,,,,,,,b,,,,,,,,K487K
d,10.1002/bit.25451,,,usGFP,,5JZK,,,,,,MSKGEELFTGVVPILVELDGDVNGHKFSVRGEGEGDATNGKLTLKFICTTGKLPVPWPTLVTTLTYGVLCFSRYPDHMKRHDFFKSAMPEGYVQERTISFKDDGTYKTRAEVKFEGDTLVNRIELKGIDFKEDGNILGHKLEYNFNSHNVYITADKQKNGIKAYFKIRHNVEDGSVQLADHYQQNTPIGDGPVLLPDNHYLSTQSVLSKDPNEKRDHMVLLEFVTAAGITHGMDELYK,usgfp,46.35,508,490,103000,,,default,,0.45,usgfp_default,,,,,,,,,,,b,,,,,,,,V3NZ1
d,10.1002/anie.201506686,,,vsfGFP-0,,4PFE,,,,,,MSKGEELFTGVVPILVELDGDVNGHKFSVRGEGEGDATNGKLTLKFICTTGKLPVPWPTLVTTLTYGVQCFSRYPDHMKRHDFFKSAMPEGYVQERTISFKDDGTYKTRAEVKFEGDTLVNRIELKGIDFKEDGNILGHKLEYNFNSHNVYITADKQKNGIKANFKIRHNVEDGSVQLADHYQQNTPIGDGPVLLPDNHYLSTQSVLSKDPNEKRDHMVLLEFVTAAGIAQVQLVESGGALVQPGGSLRLSCAASGFPVNRYSMRWYRQAPGKEREWVAGMSSAGDRSSYEDSVKGRFTISRDDARNTVYLQMNSLKPEDTAVYYCNVNVGFEYWGQGTQVTVS,vsfgfp-0,159.54,510,485,209916,,,default,4.84,0.76,vsfgfp-0_default,,,,,,,,,,,b,,,,,,,,BH9MB
m,10.1002/anie.201506686,,,vsfGFP-9,,,,,,,,MSKGEELFTGVVPILVELDGDVNGHKFSVRGEGEGDATNGKLTLKFICTTGKLPVPWPTLVTTLTYGVQCFSRYPDHMKRHDFFKSAMPEGYVQERTISFKDDGTYKTRAEVKFEGDTLVNRIELKGIDFKEDGNILGHKLEYNFNSHNVYITADKQKNGIKANFKIRHNVEDGSVQLADHYQQNTPIGDGPVLLPDNHYLSTQSVLSKDPNEKRDHMVLLEFVTAAGITHGMDELYKAQVQLVESGGALVQPGGSLRLSCAASGFPVNRYSMRWYRQAPGKEREWVAGMSSAGDRSSYEDSVKGRFTISRDDARNTVYLQMNSLKPEDTAVYYCNVNVGFEYWGQGTQVTVS,vsfgfp-9,73.47,510,485,104958,,,default,4.75,0.7,vsfgfp-9_default,,,,,,,,,,,b,,,,,,,,ACXOE
d,10.1002/bit.25451,,,vsGFP,,,,,,,,MSKGEELFTGVVPILVELDGDVNGHKFSVRGEGEGDATNGKLTLKFICTTGKLPVPWPTLVTTLTYGVQCFSRYPDHMKRHDFFKSAMPEGYVQERTISFKDDGTYKTRAEVKFEGDTLVNRIELKGIDFKEDGNILGHKLEYNFNSHNVYITADKQKNGIKAYFKIRHNVEDGSVQLADHYQQNTPIGDGPVLLPDNHYLSTQSVLSKDPNEKRDHMVLLEFVTAAGITHGMDELYK,vsgfp,,,,,,,,,,,,,,,,,,,,,,,,,,,,,35L95
,10.1099/00221287-143-2-303,LC005521.1,,yEGFP,,,,,,,,MVSKGEELFTGVVPILVELDGDVNGHKFSVSGEGEGDATYGKLTLKFICTTGKLPVPWPTLVTTFGYGVQCFARYPDHMKQHDFFKSAMPEGYVQERTIFFKDDGNYKTRAEVKFEGDTLVNRIELKGIDFKEDGNILGHKLEYNYNSHNVYIMADKQKNGIKVNFKIRHNIEDGSVQLADHYQQNTPIGDGPVLLPDNHYLSTQSALSKDPNEKRDHMVLLEFVTAAGITHGMDELYK,yegfp,,,,,,,,,,,,,,,,,,,,,,,,,,,,,YHQTQ
d,10.1371/journal.pone.0181186,BBA07589.1,BBA07589.1,YGFPdp,,,,,,,,MTTFKIESRIHGNLNGEKFELVGGGVGEEGRLEIEMKTKDKPLAFSPFLLSCCMGYGFYHFASFPKGTKNIYLHAATNGGYTNTRKEIYEDGGILEVNFRYTYEFNKIIGDVECIGHGFPSQSPIFKDTIVKQCPTVDLMLPMSGNIIASSYALAFQLKDGSFYTAEVKNNIDFKNPIHESFSKSGPMFTHRRVEETHTKENLAMVEYQQVFNSAPRDM,ygfpdp,12.11,513,502,17300,,,Default,,0.7,ygfpdp_default,,,,,,,,,,,b,,,,,,,,B1GJH
d,10.1371/journal.pone.0181186,BBA07590,BBA07590.1,YGFPuv,,,,,,,,MTTFKIESRIHGNLNGEKFELVGGGVGEEGRLEIEMKTKDKPLAFSPFLLSTCMGYGFYHFASFPKGTKNIYLHAATNGGYTNTRKEIYEDGGILEVNFRYTYEFNKIIGDVECIGHGFPSQSPIFKDTIVKSCPTVDLMLPMSGNIIASSYAYAFQLKDGSFYTAEVKNNIDFKNPIHESFSKSGPMFTHRRVEETHTKENLAMVEYQQVFNSAPRDM,ygfpuv,7.13,512,398,8800,,,Default,,0.81,ygfpuv_default,,,,,,,,,,,b,,,,,,,,VAQHD
m,10.1038/s42004-025-01573-4,PV666611,,YuzuFP,,,,,,,,MVSKGEELFTGVVPILVELDGDVNGHKFSVRGEGEGDATNGKLTLKFICTTGKLPVPWPTLVTTLTYGVQCFSRYPDHMKRHDFFKSAMPEGYVQERTISFKDDGTYKTRAEVKFEGDTLVNRIELKGIDFKEDGNILGHKLEYNFNSSNVYITADKQKNGIKANFKIRHNVEDGSVQLADHYQQNTPIGDGPVLLPDNHYLSTQSVLSKDPNEKRDHMVLLEFVTAAGITHGMDELYKGSHHHHHH,yuzufp,56.49,511,492,61400,2.76,16.0,default,6.2,0.92,yuzufp_default,,,,,,,,,,,b,,,,,,,,WQUOO
,10.1007/s12033-008-9131-y,ACD03133,14915007,zGFP,,,,,,,,MAYSKQGLTDNMTMKYQMEGCVDGHQFVITGHGKGNPFTGKQTLNLCVDKGGPLPFSEDILSAVFTYGNRIFADYPQDIDDYFKNSCPAGYTWTRSFLFEDGAVAIASADIRLSVQEKCFHHVSRFYGVNFPADGPVMKKMTTDWEPSTEKIIPVPSQGILKGDASMYLLLKDGGRYRCQFDSVYKAKSKPKVMPDWHFIQHKLTREDRSDAKNQKWQLVEHASASRSALP,zgfp,,,,,,,,,,,,,,,,,,,,,,,,,,,,B2ZAG1,OMXT2
t,10.1038/13657,AAF03372,380058,ZsGreen,,2OJK,,,,,,MAQSKHGLTKEMTMKYRMEGCVDGHKFVITGEGIGYPFKGKQAINLCVVEGGPLPFAEDILSAAFNYGNRVFTEYPQDIVDYFKNSCPAGYTWDRSFLFEDGAVCICNADITVSVEENCMYHESKFYGVNFPADGPVMKKMTDNWEPSCEKIIPVPKQGILKGDVSMYLLLKDGGRLRCQFDTVYKAKSVPRKMPDWHFIQHKLTREDRSDAKNQKWHLTEHAIASGSALP,zsgreen,22.43,506,496,35600,,,default,,0.63,zsgreen_default,,,,,,,,,,,b,,,,,,,Q9U6Y5,W8LAG
d,10.1038/nbt0396-315,,,αGFP,,,,,,,,MSKGEELFTGVVPILVELDGDVNGHKFSVSGEGEGDATYGKLTLKFICTTGKLPVPWPTLVTTFSYGVQCFSRYPDHMKRHDFFKSAMPEGYVQERTISFKDDGNYKTRAEVKFEGDTLVNRIELKGIDFKEDGNILGHKLEYNYNSHNVYITADKQKNGIKANFKIRHNIEDGSVQLADHYQQNTPIGDGPVLLPDNHYLSTQSALSKDPNEKRDHMVLLEFVTAAGITHGMDELYK,alphagfp,23.7,506,397,30000,,,default,,0.79,alphagfp_default,,,,,,,,,,,b,,,,,,,,B28N7
