Position,Residue,Conservation_Level,Functional_Category,Specific_Function,Mutation_Consequence,Exception_Mutations,Reference_Structure
65,Thr,可突变但受限于小残基,发色团形成,发色团三肽第1位(TYG的T);羰基参与环化反应;侧链大小影响成熟效率,大侧链突变阻断环化;仅G/A/C/S等小残基可替换,T65S会降低亮度但保持荧光,avGFP为S65;EGFP/sfGFP为T65(亮度提升)
66,Tyr,绝对禁止,发色团核心,发色团三肽第2位(TYG的Y);提供酚羟基参与π共轭体系;决定绿色荧光光谱,任何非芳香族突变完全废除荧光;仅Y66F(轻微蓝移)/Y66H(BFP蓝光)/Y66W(CFP青光)可改变颜色,仅限芳香族替换可保留部分荧光,PDB:2B3P
67,Gly,绝对禁止,发色团形成催化,发色团三肽第3位(TYG的G);酰胺氮亲核进攻T65羰基启动环化;无侧链是环化反应的空间前提,任何有侧链氨基酸(D/L构型)完全阻断发色团环化;GFP荧光彻底消失,无例外;Gly绝对不可替换,PDB:2B3P
96,Arg,绝对禁止,发色团成熟催化,催化发色团环化脱水步骤;与发色团咪唑啉酮环形成氢键;稳定环化过渡态,突变后发色团无法成熟;R96E/R96K残留极弱荧光(仅野生型1-5%),无功能性替换;仅R96K/E可保留微量活性,PDB:2B3P
222,Glu,绝对禁止,发色团成熟催化,发色团氧化步骤的广义碱催化剂;催化Y66 Cα-Cβ脱氢形成双键完成共轭,中性残基突变完全阻断氧化步骤;发色团停留在无荧光中间体;E222D部分保留功能(速率降低),仅E222D可保留部分功能,PDB:2B3P
148,His,绝对禁止,发色团质子传递,发色团激发态质子转移(H+ relay)关键残基;介导发色团酚羟基质子向溶剂传递; 突变破坏激发态质子转移导致量子产率剧降;H148G荧光几乎消失; H148D严重受损,无功能性替换,,PDB:2B3P
69,Gln,绝对禁止,发色团氢键网络,与发色团咪唑啉酮环羰基氧形成关键氢键;稳定发色团基态与激发态电子结构,替换为不带氢键供体/受体的残基导致量子产率大幅下降;荧光减弱>90%,无功能性替换;仅保守替换(N/Q)可保留弱荧光,PDB:2B3P
94,Gln,绝对禁止,发色团氢键网络,与发色团羰基氧形成氢键;参与发色团周围氢键网络;稳定β-桶中心极性环境,突变破坏氢键网络导致发色团构象稳定性显著降低;Q94A荧光消失,无功能性替换;仅保守替换(N/Q/E/D)可保留部分功能,PDB:2B3P
203,Thr,绝对禁止(绿色荧光),发色团氢键与光谱决定,与Y66酚羟基形成直接氢键;决定发色团质子化状态与光谱;维持去质子化高荧光态,突变改变氢键→改变光谱;T203Y产生YFP(黄移);T203F红移;T203H/I/V等大多显著削弱绿色荧光,可改变颜色但不能删除氢键;T203Y(YFP)/T203F(弱荧光),PDB:2B3P
205,Ser,绝对禁止,发色团氢键网络,与E222及水分子形成氢键;参与发色团氧化成熟与质子传递网络;稳定β-桶内部极性环境,突变破坏E222-S205-水-发色团氢键链;发色团成熟受阻或量子产率大幅下降,无功能性替换;S205A/T保留极弱荧光,PDB:2B3P
27,Phe,绝对禁止,疏水核心锚定,β1-β2连接处;侧链插入β-桶内部疏水核心;与F83/F46/F71等形成芳香族疏水堆积,突变为极性/带电残基破坏疏水核心→β-桶无法折叠;F27A折叠效率大幅降低,仅限芳香族保守替换(F/Y/W),PDB:2B3P
46,Phe,绝对禁止,疏水核心锚定,β3链核心残基;与F27/F71/F83/F100等形成疏水堆积网络;桶内壁疏水密封,突变为极性残基破坏桶内壁完整性;F46A折叠效率显著降低,仅限芳香族保守替换(F/Y/W),PDB:2B3P
83,Phe,绝对禁止,疏水核心锚定,β5链核心残基;参与发色团上方疏水帽;与F46/F27等形成桶内芳香族堆积,突变为小残基在桶内壁产生空腔→结构松动;热稳定性显著降低,仅限芳香族保守替换(F/Y/W),PDB:2B3P
71,Phe,绝对禁止,疏水核心与发色团环境,β5链核心;与发色团Y66侧链形成边对面π-π堆积;固定发色团构象限制非辐射弛豫,突变破坏π堆积→发色团可自由旋转;量子产率大幅下降;荧光强度显著减弱,仅限芳香族保守替换(F/Y/W),PDB:2B3P
100,Phe,绝对禁止,疏水核心锚定,β5-β6连接处;与F83/F46等形成疏水堆积;稳定β-桶上半部分,突变为极性残基破坏桶顶疏水密封;荧光淬灭(溶剂进入),仅限芳香族保守替换(F/Y/W),PDB:2B3P
130,Phe,绝对禁止,疏水核心锚定,β7链核心;β-桶下半部分疏水核心成员;与F165/F223等形成疏水网络,突变为极性残基破坏疏水堆积→局部解折叠;热稳定性下降,仅限芳香族保守替换(F/Y/W),PDB:2B3P
165,Phe,绝对禁止,疏水核心锚定,β8-β9连接处C端;桶底部疏水锚定;与F130/F223等形成C端疏水帽,突变为极性残基破坏桶底部完整性;蛋白无法正确折叠,仅限芳香族保守替换(F/Y/W),PDB:2B3P
223,Phe,绝对禁止,疏水核心锚定,β11链C端;桶底部关键疏水残基;与F165/F130形成芳香族堆积,突变为极性残基破坏C端疏水密封;蛋白稳定性严重受损,仅限芳香族保守替换(F/Y/W),PDB:2B3P
31,Gly,绝对禁止,β-转角结构,β1-β2 tight turn;φ/ψ二面角仅Gly可实现;维持β-桶底部紧密转角,任何突变(G→A/S等)改变主链二面角→β-桶几何结构扭曲;折叠效率大幅降低,仅可突变为Ala(折叠效率仍显著下降),PDB:2B3P
33,Gly,绝对禁止,β-转角结构,β2链内部;维持β2链特殊扭转角度,侧链引入导致β2链主链构象被迫改变→桶壁完整性破坏,仅可突变为Ala(可能保留部分折叠),PDB:2B3P
35,Gly,绝对禁止,β-转角结构,β2-β3连接处tight turn;维持桶底部紧密转角几何,突变引入侧链破坏转角几何;折叠严重受损,仅可突变为Ala(折叠效率大幅降低),PDB:2B3P
51,Gly,绝对禁止,β-转角结构,β3-β4 tight β-hairpin turn;经典Type I' β-turn;仅Gly可占据i+1位置,突变阻断β-hairpin形成;β-桶无法正确折叠,仅可突变为Ala(折叠严重受损),PDB:2B3P
91,Gly,绝对禁止,发色团邻近关键Gly,β4链C端;位于发色团紧邻空间;侧链会与发色团发生空间冲突,任何突变引入侧链→直接碰撞发色团;荧光消失,仅可突变为Ala(仍会显著降低荧光),PDB:2B3P
116,Gly,绝对禁止,β-转角结构,β6-β7 tight turn;β-桶中部关键转角;维持桶壁连续β折叠,突变引入侧链破坏转角→局部结构松散;热稳定性下降,仅可突变为Ala(部分保留),PDB:2B3P
127,Gly,绝对禁止,β-转角结构,β7链内部glycine kink;β7链的中断Gly;允许主链形成特殊kink; 突变破坏kink→β7链走向改变;桶壁完整性受损; Y145F/G127区域是sfGFP热稳改造关键,仅可突变为Ala(折叠效率降低),,PDB:2B3P
134,Gly,绝对禁止,β-转角结构,β7-β8连接处;位于桶中部;维持桶壁连续折叠,侧链引入破坏折叠连续性;荧光减弱,仅可突变为Ala(部分保留),PDB:2B3P
160,Gly,绝对禁止,β-转角结构,β8-β9 tight turn;桶底部关键转角,突变引入侧链→底部结构扭曲;热稳定性显著降低,仅可突变为Ala(折叠效率降低),PDB:2B3P
174,Gly,绝对禁止,β-转角结构,β9链内部;维持β9链特殊构象,突变→β9链构象改变;桶壁松散,仅可突变为Ala(部分保留),PDB:2B3P
189,Gly,绝对禁止,β-转角结构,β9-β10 tight turn;桶下部关键转角;维持桶几何完整性,突变→转角几何破坏;折叠受损热稳降低,仅可突变为Ala(折叠效率降低),PDB:2B3P
228,Gly,绝对禁止,β-转角结构,β11链C末端;β-桶C端封口转角,突变引入侧链破坏C端封闭;蛋白稳定性受损,仅可突变为Ala(稳定性和折叠下降),PDB:2B3P
54,Pro,绝对禁止,β-转角结构,β3-β4 loop;Pro限制主链φ角维持loop构象;刚性化loop结构,替换为其他残基增加loop柔性→热稳定性显著下降,可突变为Gly/Ala但会显著增加柔性和热敏感性,PDB:2B3P
56,Pro,绝对禁止,β-转角结构,β3-β4 loop; 与P54/P58共同形成刚性loop结构;限制发色团入口loop柔性; 替换为柔性残基→loop摆动增加→加速高温解折叠;热稳定性下降,可突变为Gly/Ala但会降低热稳,,PDB:2B3P
58,Pro,绝对禁止,β-转角结构,β3-β4 loop C端;限制loop构象;参与发色团入口通道,替换→loop刚性降低;发色团环境稳定性下降,可突变为Gly/Ala但会降低热稳,PDB:2B3P
75,Pro,绝对禁止,β-转角结构,β5链N端;参与β-桶结构刚性化,替换增加柔性→热稳降低,可突变为Gly/Ala但降低热稳,PDB:2B3P
89,Pro,绝对禁止,发色团邻近结构,β4-β5 loop近发色团;与发色团T65邻近;参与活性中心构象维持,突变影响发色团周围空间排布→折叠效率下降,可突变为Gly/Ala但可能影响成熟效率,PDB:2B3P
192,Pro,绝对禁止,桶结构刚性化,β10链内脯氨酸;β10链中间kink形成者;维持β-桶下半部分几何,替换→β10链构象改变;桶底部几何扭曲,仅Gly/Ala可部分替换但稳定性明显下降,PDB:2B3P
7,Leu,严重受限,疏水核心,β1链N端;参与N端疏水帽;与F8/L18等形成N端疏水网络,替换为极性残基→N端疏水密封破坏;折叠效率显著降低,仅限疏水保守替换(L/I/V/M),PDB:2B3P
18,Leu,严重受限,疏水核心,β1链;参与β1与β2间疏水堆积,替换为极性残基→局部疏水核心破坏,仅限疏水保守替换(L/I/V/M),PDB:2B3P
42,Leu,严重受限,疏水核心,β3链;β3与β5疏水接触;桶内壁疏水堆积,替换为极性残基→桶壁内部空腔;结构松散,仅限疏水保守替换(L/I/V/M),PDB:2B3P
44,Leu,严重受限,疏水核心,β3链C端;参与桶内部疏水堆积;与L42/V61等形成疏水网络,替换为极性残基→疏水作用削弱;折叠效率与热稳降低,仅限疏水保守替换(L/I/V/M),PDB:2B3P
53,Leu,严重受限,疏水核心,β4链N端;桶内壁疏水堆积;参与发色团近端疏水环境,替换为极性残基→桶内水分子渗入;荧光淬灭,仅限疏水保守替换(L/I/V/M),PDB:2B3P
60,Leu,严重受限,疏水核心,β4链;桶内壁疏水残基;邻近发色团T65,替换为极性残基→发色团微环境破坏;折叠效率与量子产率下降,仅限疏水保守替换(L/I/V/M),PDB:2B3P
119,Leu,严重受限,疏水核心,β6-β7连接;桶内部疏水填充;与I128/L125等堆积,替换为极性残基→桶内部结构松散;热稳降低,仅限疏水保守替换(L/I/V/M),PDB:2B3P
125,Leu,严重受限,疏水核心,β7链;桶内壁疏水残基;参与跨桶疏水堆积,替换为极性残基→局部结构破坏,仅限疏水保守替换(L/I/V/M),PDB:2B3P
137,Leu,严重受限,疏水核心,β7-β8连接;桶下半部分疏水核心,替换为极性残基→局部解折叠可能,仅限疏水保守替换(L/I/V/M),PDB:2B3P
178,Leu,严重受限,疏水核心,β9链C端;桶底部疏水填充,替换为极性残基→底部疏水帽破坏;蛋白泄漏,仅限疏水保守替换(L/I/V/M),PDB:2B3P
194,Leu,严重受限,疏水核心,β10链;桶内壁疏水堆积;参与桶底部结构,替换为极性残基→结构稳定性下降,仅限疏水保守替换(L/I/V/M),PDB:2B3P
195,Leu,严重受限,疏水核心,β10链;桶内壁疏水堆积;紧邻L194,替换为极性残基→疏水网络破坏,仅限疏水保守替换(L/I/V/M),PDB:2B3P
201,Leu,严重受限,疏水核心,β10-β11连接;近C端疏水残基;参与桶底部密封,替换为极性残基→C端结构松动,仅限疏水保守替换(L/I/V/M),PDB:2B3P
207,Leu,严重受限,疏水核心,β11链;桶底部疏水锚定;与F223等形成C端疏水网络,替换为极性残基→底部密封破坏,仅限疏水保守替换(L/I/V/M),PDB:2B3P
220,Leu,严重受限,疏水核心,β11链C端;末端疏水锚定残基;与L221协同封闭桶底部,替换为极性残基→C端松动;蛋白稳定性下降,仅限疏水保守替换(L/I/V/M),PDB:2B3P
221,Leu,严重受限,疏水核心,β11链C端;末端疏水锚定残基;桶底部最后疏水密封,替换为极性残基→C端开放;荧光蛋白泄漏,仅限疏水保守替换(L/I/V/M),PDB:2B3P
68,Val,严重受限,疏水核心,β5链N端;紧邻发色团G67;参与发色团近端疏水堆积;限制发色团构象自由度,替换为极性残基→发色团环境扰动;量子产率下降,仅限疏水保守替换(V/I/L),PDB:2B3P
150,Val,严重受限,疏水核心,β8链;桶内部疏水堆积;参与发色团下方疏水环境,替换为极性残基→下方疏水环境破坏,仅限疏水保守替换(V/I/L),PDB:2B3P
93,Val,严重受限,疏水核心,β4-β5连接;邻近发色团和R96/Q94;参与活性中心疏水环境,替换为极性残基→发色团极性微环境扰动,仅限疏水保守替换(V/I/L),PDB:2B3P
112,Val,严重受限,疏水核心,β6链;表面-内部过渡残基;sfGFP为V112(avGFP为E111相邻→sfGFP中E111仍为E但112为V),替换为极性残基可能影响局部折叠,N/A,PDB:2B3P
120,Val,严重受限,疏水核心,β6-β7连接;内部疏水填充,替换为极性残基→结构稳定性下降,仅限疏水保守替换(V/I/L),PDB:2B3P
12,Val,严重受限,疏水核心,β1链N端;参与β-桶N端疏水堆积;N端结构锚定,替换为极性残基→N端结构松动;折叠效率下降,仅限疏水保守替换(V/I/L),PDB:2B3P
22,Val,严重受限,疏水核心,β1-β2连接;桶底部疏水填充,替换为极性残基→底部结构破坏,仅限疏水保守替换(V/I/L),PDB:2B3P
29,Val,严重受限,疏水核心,β2链;与V22/V12等形成N端疏水堆积,替换为极性残基→疏水网络受损,仅限疏水保守替换(V/I/L),PDB:2B3P
61,Val,严重受限,疏水核心,β4链C端;邻近发色团;与L60共同形成发色团近端疏水环境,替换为极性残基→发色团微环境显著扰动,仅限疏水保守替换(V/I/L),PDB:2B3P
176,Val,严重受限,疏水核心,β9链;桶底部疏水填充,替换为极性残基→底部结构松散,仅限疏水保守替换(V/I/L),PDB:2B3P
219,Val,严重受限,疏水核心,β11链;近C端疏水残基,替换为极性残基→C端结构破坏,仅限疏水保守替换(V/I/L),PDB:2B3P
224,Val,严重受限,疏水核心,β11链C端;末端疏水锚定,替换为极性残基→末端开放;稳定性降低,仅限疏水保守替换(V/I/L),PDB:2B3P
8,Phe,严重受限,疏水核心,N端疏水锚定;与L7形成N端疏水帽;桶顶部封闭,替换为极性残基→N端开放;折叠效率严重受损,仅限芳香族保守替换(F/Y/W),PDB:2B3P
114,Phe,严重受限,疏水核心,β6链;β-桶内部疏水残基,替换为极性残基→桶内壁空腔,仅限芳香族保守替换(F/Y/W),PDB:2B3P
11,Val,重要功能,疏水核心,β1链N端;参与N端结构,替换为极性残基→N端稳定性降低,疏水保守替换可容忍,PDB:2B3P
55,Val,重要功能,疏水核心,β4链;桶内壁疏水残基,替换为极性残基→局部结构松动,疏水保守替换可容忍,PDB:2B3P
19,Leu,重要功能,疏水核心,β1链;桶内壁,替换为极性残基→桶壁完整性降低,疏水保守替换可容忍,PDB:2B3P
136,Ile,重要功能,疏水核心,β7-β8;桶内部疏水填充,替换为极性残基→局部稳定性下降,疏水保守替换可容忍,PDB:2B3P
138,Leu,重要功能,疏水核心,β7-β8,替换为极性残基→底部疏水网络松动,疏水保守替换可容忍,PDB:2B3P
13,Pro,重要功能,β-转角结构,β1与β2之间;维持N端loop构象,替换→局部柔性增加;折叠效率微降,Gly/Ala可替换(折叠效率轻度下降),PDB:2B3P
14,Ile,重要功能,疏水核心,β1链;参与N端疏水堆积,替换为极性残基→N端稳定性微降,疏水保守替换可容忍,PDB:2B3P
15,Leu,重要功能,疏水核心,β1链C端;N端疏水锚定;为V16/E17提供疏水环境,替换为极性残基→局部结构松动,疏水保守替换可容忍,PDB:2B3P
16,Val,重要功能,疏水核心,β1链C端;参与N端疏水网络,替换为极性残基→N端稳定性微降,疏水保守替换可容忍,PDB:2B3P
20,Asp,重要功能,β-桶结构,β2链N端;可能参与桶底部极性相互作用,替换为疏水残基→电荷网络改变;稳定性可能受影响,保守替换(E)可容忍,PDB:2B3P
21,Asp,重要功能,β-桶结构,β2链;桶底部极性残基,替换可能影响局部静电网络,保守替换(E/N)可容忍,PDB:2B3P
23,Asn,重要功能,β-桶结构,β2链;桶底部极性残基;可能参与氢键网络,替换可能破坏局部氢键,保守替换(Q/D)可容忍,PDB:2B3P
24,Gly,重要功能,β-转角结构,β2链内部Gly;维持β2链扭转,突变→局部结构微调;稳定性可能轻微下降,仅Ala可替换(轻微影响),PDB:2B3P
25,His,重要功能,β-桶结构,β2链;参与桶底部极性/电荷网络,替换为疏水残基→电荷平衡改变,保守替换(K/R)可容忍,PDB:2B3P
26,Lys,重要功能,β-桶表面,β2链C端;表面暴露;参与溶剂相互作用,替换影响蛋白表面电荷分布;溶解度可能改变,表面残基;可多种替换,PDB:2B3P
28,Ser,重要功能,β-桶表面,β2链C端;表面暴露;可能与F27协同,替换为大型疏水→影响折叠,表面残基;多种替换可容忍,PDB:2B3P
30,Arg,重要功能(sfGFP关键突变),β-桶表面,β2-β3 loop;sfGFP中S30R突变引入正电荷;增强分子内盐桥与折叠效率,替换可能影响sfGFP折叠优势,N/A(此为sfGFP特有突变;avGFP为S30),PDB:2B3P
32,Glu,重要功能,β-桶表面,β2-β3 loop;表面暴露负电荷;参与表面静电网络,替换影响表面电荷分布,表面残基;保守替换(D)可容忍,PDB:2B3P
34,Glu,重要功能,β-桶结构,β2-β3;表面暴露;参与桶表面极性相互作用,替换影响表面静电,保守替换(D)可容忍,PDB:2B3P
36,Asp,重要功能,β-桶结构,β3链N端;与β-桶折叠相关,替换可能影响折叠动力学,保守替换(E)可容忍,PDB:2B3P
37,Ala,重要功能,疏水核心,β3链;桶内部小疏水残基;填充内部空间,替换为大残基→空间冲突可能;替换为极性残基→疏水环境破坏,仅限小疏水替换(G/V),PDB:2B3P
38,Thr,重要功能,β-桶结构,β3链;参与内部氢键或极性网络,替换为疏水→局部极性改变,保守替换(S)可容忍,PDB:2B3P
39,Asn,重要功能(sfGFP关键突变),β-桶内部,β3链;sfGFP中Y39N突变;avGFP Y39→N39改变桶内极性网络,替换影响sfGFP折叠特性,此处为sfGFP特有(Y39N);avGFP为Tyr,PDB:2B3P
40,Gly,重要功能,β-转角结构,β3链;参与β3链转折,突变→局部构象改变,仅Ala可替换(可能影响折叠效率),PDB:2B3P
41,Lys,重要功能,β-桶表面,β3链C端;表面暴露;参与溶剂相互作用,替换影响表面电荷,表面残基可替换,PDB:2B3P
45,Lys,重要功能,β-桶内部,β3链C端;内壁带正电残基;可能参与桶内电荷平衡,替换改变内部电荷,保守替换(R)可容忍,PDB:2B3P
47,Ile,重要功能,疏水核心,β3链C端loop;参与桶内疏水填充,替换为极性残基→疏水空腔,疏水保守替换可容忍,PDB:2B3P
48,Cys,重要功能,发色团成熟,β3链C端;参与发色团成熟过程中的氧化还原?具体机制文献争议,替换可能影响成熟效率但非绝对禁止,多种替换可容忍(sfGFP常保留Cys48),PDB:2B3P
49,Thr,重要功能,发色团邻近,β3-β4 loop N端;邻近发色团;可能参与发色团环境,替换影响发色团微环境;荧光可能变化,保守替换(S)可容忍但荧光可能改变,PDB:2B3P
50,Thr,重要功能,发色团邻近,β3-β4 loop;邻近发色团和C48;参与早期折叠事件,替换影响折叠效率与发色团成熟,保守替换(S)可能容忍,PDB:2B3P
52,Lys,重要功能,β-桶表面,β4链N端;表面暴露;参与表面电荷,替换影响溶解度,表面残基可替换,PDB:2B3P
57,Trp,绝对禁止,发色团环境与疏水核心,β4链;色氨酸吲哚环;参与发色团上方疏水环境;大体积芳香侧链填充关键空间,突变为小残基→发色团上方出现空腔;溶剂淬灭增加;荧光大幅减弱,仅限芳香族保守替换(F/Y/H)且均会显著影响荧光特性,PDB:2B3P
59,Thr,重要功能,β4链C端;邻近发色团;参与发色团入口通道,,替换为大型残基→空间位阻影响折叠,多种小残基可替换,PDB:2B3P
62,Thr,重要功能,β4-β5连接;发色团附近;参与局部结构,,替换影响局部构象,保守替换(S)可容忍,PDB:2B3P
63,Leu,重要功能,疏水核心,β5链;紧邻发色团T64;桶内壁疏水残基,替换为极性残基→发色团环境扰动,疏水保守替换可容忍,PDB:2B3P
64,Phe,重要功能(关键改造位点),疏水与折叠,β5链;紧邻发色团T65;经典EGFP突变F64L提升37°C折叠效率;参与α-螺旋与β-桶界面,替换为极性残基→折叠严重受损,多种疏水替换(L/I/V/M/A)均可;F64L是EGFP和sfGFP核心突变,PDB:2B3P
70,Gln,重要功能,发色团邻近,β5链;邻近发色团;可能参与桶内极性网络,替换影响发色团微环境,多种极性残基可替换但可能影响荧光,PDB:2B3P
72,Ser,重要功能,发色团邻近,β5-β6连接;邻近发色团F71;参与局部结构,替换影响局部构象,多种小残基可替换,PDB:2B3P
73,Arg,重要功能,β-桶表面,β5-β6 loop;表面暴露正电荷;参与表面静电网络,替换影响表面电荷,表面残基可替换,PDB:2B3P
74,Tyr,重要功能,β-桶结构,β5-β6;连接发色团区域与桶外,替换为极性/小残基→结构可能松动,芳香族保守替换(F)可容忍,PDB:2B3P
76,Asp,重要功能,β-桶表面,β5-β6 loop;表面暴露;参与表面极性网络,替换影响表面电荷,保守替换(E)可容忍,PDB:2B3P
77,His,重要功能,β-桶表面,β5-β6;表面暴露,替换影响表面电荷,表面残基可替换,PDB:2B3P
78,Met,重要功能,疏水核心,β5-β6;内部疏水残基;参与局部疏水填充,替换为极性残基→局部结构松动,疏水保守替换可容忍,PDB:2B3P
79,Lys,重要功能,β-桶表面,β5-β6;表面带正电,替换影响表面电荷,表面残基可替换,PDB:2B3P
80,Arg,重要功能(sfGFP关键突变),β-桶表面,,β5-β6;sfGFP中Q80R突变;avGFP为Q;增强表面正电荷溶解度,N/A(sfGFP特有突变),PDB:2B3P
81,His,重要功能,β-桶结构,β5链?;参与内部极性网络,替换影响内部电荷,保守替换可容忍,PDB:2B3P
82,Asp,重要功能,β-桶结构,β5-β6;内部极性残基,替换影响局部极性,保守替换(E)可容忍,PDB:2B3P
84,Phe,重要功能,疏水核心,β5-β6;桶内部疏水残基,替换为极性残基→局部结构破坏,芳香族保守替换可容忍,PDB:2B3P
85,Lys,重要功能,β-桶表面,β6链N端;表面暴露;参与表面电荷,替换影响溶解度,表面残基可替换,PDB:2B3P
86,Ser,重要功能,β-桶结构,β6链;小极性残基;参与桶内极性网络,替换影响局部极性,保守替换(T/N)可容忍,PDB:2B3P
87,Ala,重要功能,疏水核心,β6链;小疏水残基;填充桶内空间,替换为大残基→空间冲突,仅小残基可替换(G/S),PDB:2B3P
88,Met,重要功能,疏水核心,β6链;桶内疏水填充,替换为极性残基→局部结构破坏,疏水保守替换可容忍,PDB:2B3P
90,Pro,重要功能,β-转角,β6链;脯氨酸限制主链,替换→局部柔性增加,仅Gly/Ala可替换,PDB:2B3P
92,Tyr,重要功能,发色团邻近,β6链C端;邻近发色团与Q94/R96;参与活性中心芳香族网络,替换为小残基→发色团环境改变;荧光性质可能变化,芳香族保守替换(F/W)可容忍;可能改变光谱,PDB:2B3P
95,Glu,绝对禁止,发色团氢键网络,β6-β7;与R96协同;参与发色团周围电荷平衡,替换为中性残基→局部电荷失衡;发色团成熟受阻;荧光显著减弱,仅保守替换(D)可保留部分功能,PDB:2B3P
97,Thr,重要功能(sfGFP关键突变),β-桶表面,β6-β7 loop;sfGFP中I97T?;参与表面结构,替换影响表面特性,此处为sfGFP突变区域,PDB:2B3P
98,Ile,重要功能,疏水核心,β7链?;内部疏水,替换为极性残基→局部结构松动,疏水保守替换可容忍,PDB:2B3P
99,Ser,重要功能(sfGFP关键突变),β-桶表面/内部,,β7链;sfGFP中F99S;avGFP为F;F→S减少表面疏水斑块抑制聚集;提升折叠效率,F99S是sfGFP抑制聚集的关键突变,PDB:2B3P
101,Lys,重要功能,β-桶表面,β7链N端;表面暴露,替换影响表面电荷,表面残基可替换,PDB:2B3P
102,Asp,重要功能,β-桶表面,β7;表面暴露,替换影响表面电荷,保守替换(E)可容忍,PDB:2B3P
103,Asp,重要功能,β-桶表面,β7;表面暴露,替换影响表面电荷,保守替换(E)可容忍,PDB:2B3P
104,Gly,重要功能,β-转角,β7;参与局部构象,突变→局部结构调整,仅Ala可替换,PDB:2B3P
105,Thr,重要功能(sfGFP关键突变),β-桶表面,,β7;sfGFP中N105T;avGFP为N;减少表面柔性;提升折叠,N105T是sfGFP折叠增强突变,PDB:2B3P
106,Tyr,重要功能,β-桶结构,β7链;参与桶内疏水/芳香族网络,替换为小残基→局部结构松动,芳香族保守替换可容忍,PDB:2B3P
107,Lys,重要功能,β-桶表面,β7链C端;表面暴露,替换影响表面电荷,表面残基可替换,PDB:2B3P
108,Thr,重要功能,β-桶结构,β7链C端;参与极性网络,替换影响局部结构,保守替换(S)可容忍,PDB:2B3P
109,Arg,重要功能,β-桶表面,β7-β8 loop;表面暴露,替换影响表面电荷,表面残基可替换,PDB:2B3P
110,Ala,重要功能,疏水核心,β7-β8;小疏水残基,替换为大残基→空间冲突,小残基可替换,PDB:2B3P
111,Glu,重要功能(sfGFP关键突变区域),β-桶表面,β7-β8 loop;sfGFP中E111V;avGFP也为E;参与表面电荷与loop结构,替换影响表面特性与loop折叠,N/A(此区域sfGFP有突变但为相邻位点),PDB:2B3P
113,Lys,重要功能,β-桶表面,β8链N端;表面暴露,替换影响表面电荷,表面残基可替换,PDB:2B3P
115,Glu,重要功能,β-桶表面,β8链;表面暴露;参与表面极性,替换影响表面电荷,保守替换(D)可容忍,PDB:2B3P
117,Asp,重要功能,β-桶表面,β8链;表面暴露,替换影响表面电荷,保守替换(E)可容忍,PDB:2B3P
118,Thr,重要功能,β-桶结构,β8链;内部极性残基;参与局部氢键,替换影响内部极性网络,保守替换(S)可容忍,PDB:2B3P
121,Asn,重要功能,β-桶结构,β8链;内部极性残基;参与局部氢键,替换影响内部氢键,保守替换(Q/D)可容忍,PDB:2B3P
122,Arg,重要功能,β-桶表面,β8链C端;表面暴露,替换影响表面电荷,表面残基可替换,PDB:2B3P
123,Ile,重要功能,疏水核心,β8链C端;桶内疏水,替换为极性残基→局部结构松动,疏水保守替换可容忍,PDB:2B3P
124,Glu,重要功能,β-桶表面,β8-β9 loop;表面暴露,替换影响表面电荷,保守替换(D)可容忍,PDB:2B3P
126,Lys,重要功能,β-桶表面,β9链N端;表面暴露,替换影响表面电荷,表面残基可替换,PDB:2B3P
128,Ile,重要功能,疏水核心,β9链;桶内疏水填充,替换为极性残基→局部结构松动,疏水保守替换可容忍,PDB:2B3P
129,Asp,重要功能,β-桶表面,β9链;表面暴露;可能与K126形成盐桥,替换影响盐桥→稳定性可能变化,保守替换(E)可容忍,PDB:2B3P
131,Lys,重要功能,β-桶表面,β9链;表面暴露;参与表面电荷网络,替换影响溶解度,表面残基可替换,PDB:2B3P
132,Glu,重要功能,β-桶表面,β9链;表面暴露;与K131/K126等形成表面电荷网络,替换影响表面电荷平衡,保守替换(D)可容忍,PDB:2B3P
133,Asp,重要功能,β-桶表面,β9链;表面暴露,替换影响表面电荷,保守替换(E)可容忍,PDB:2B3P
135,Asn,重要功能,β-桶结构,β9链;内部极性残基;参与桶内氢键网络,替换影响内部极性,保守替换(Q/D)可容忍,PDB:2B3P
139,His,重要功能,发色团环境,β9-β10 loop;位于发色团下方;可能与发色团环境相关,替换影响发色团下方环境;荧光特性可能变化,保守替换可容忍但影响荧光,PDB:2B3P
140,Lys,重要功能,β-桶表面,β9-β10;表面暴露,替换影响表面电荷,表面残基可替换,PDB:2B3P
141,Leu,重要功能,疏水核心,β9-β10;内部疏水,替换为极性残基→局部结构松动,疏水保守替换可容忍,PDB:2B3P
142,Glu,重要功能,β-桶表面,β9-β10;表面暴露,替换影响表面电荷,保守替换(D)可容忍,PDB:2B3P
143,Tyr,重要功能,β-桶结构,β9-β10 loop;邻近H148/H139,替换影响发色团下方环境,芳香族保守替换(F)可容忍,PDB:2B3P
144,Asn,重要功能,β-桶结构,β9-β10 loop;参与桶底部极性网络,替换为疏水→局部极性改变,多种极性残基可替换,PDB:2B3P
145,Phe,重要功能(sfGFP关键突变),β-桶结构,,β9-β10;sfGFP中Y145F;avGFP为Y;Y→F消除羟基但保留芳香环;减少不必要的极性相互作用,N/A(sfGFP特有突变),PDB:2B3P
146,Asn,重要功能,β-桶结构,β10链;内部极性残基,替换影响桶内氢键,保守替换(Q/D)可容忍,PDB:2B3P
147,Ser,重要功能,β-桶结构,β10链;内部极性残基,替换影响局部极性网络,保守替换(T)可容忍,PDB:2B3P
149,Asn,重要功能,β-桶结构,β10链;与H148相邻;参与内部极性网络,替换影响发色团环境,多种极性残基可替换但可能影响荧光,PDB:2B3P
151,Val,重要功能,疏水核心,β10链;桶内疏水,替换为极性残基→局部结构松动,疏水保守替换可容忍,PDB:2B3P
152,Ile,重要功能,疏水核心,β10链;桶内疏水;与V150共同形成疏水填充,替换为极性残基→发色团下方疏水环境破坏,疏水保守替换可容忍,PDB:2B3P
153,Thr,重要功能(sfGFP关键突变),β-桶结构,,β10链;sfGFP中M153T;avGFP为M;M→T增加局部极性;提升折叠效率,F99S/M153T/V163A是Cycle3 GFP三突变(折叠增强),PDB:2B3P
154,Ala,重要功能,疏水核心,β10链;小疏水残基;填充内部空间,替换为大残基→空间冲突,仅小残基可替换(G/S),PDB:2B3P
155,Asp,重要功能,β-桶表面,β10链;表面暴露,替换影响表面电荷,保守替换(E)可容忍,PDB:2B3P
156,Lys,重要功能,β-桶表面,β10-β11 loop;表面暴露,替换影响表面电荷,表面残基可替换,PDB:2B3P
157,Gln,重要功能,β-桶表面,β10-β11;表面暴露;参与表面极性网络,替换影响表面特性,多种极性残基可替换,PDB:2B3P
158,Lys,重要功能,β-桶表面,β10-β11;表面暴露,替换影响表面电荷,表面残基可替换,PDB:2B3P
159,Asn,重要功能,β-桶表面,β10-β11;表面暴露,替换影响表面特性,表面残基可替换,PDB:2B3P
161,Gly,重要功能,β-转角,β10-β11;参与loop转折,突变→局部构象改变,仅Ala可替换,PDB:2B3P
162,Lys,重要功能,β-桶表面,β10-β11;表面暴露,替换影响表面电荷,表面残基可替换,PDB:2B3P
163,Ala,重要功能(sfGFP关键突变),β-桶结构,,β11链N端;sfGFP中V163A;avGFP为V;V→A缩小侧链;减少内部空间位阻;提升折叠效率,是Cycle3 GFP三突变之一(F99S/M153T/V163A),PDB:2B3P
164,Asn,重要功能,β-桶结构,β11链;参与桶底极性网络,替换影响桶底结构,保守替换(Q/D)可容忍,PDB:2B3P
166,Phe,重要功能,疏水核心,β11链;桶底部疏水锚定;与F165形成连续芳香族堆积,替换为极性残基→桶底结构破坏,仅限芳香族保守替换(F/Y/W),PDB:2B3P
167,Lys,重要功能,β-桶内部/表面,β11链;桶内/表面交界;可能参与内部电荷平衡,替换为疏水→内部电荷改变,保守替换(R)可容忍,PDB:2B3P
168,Ile,重要功能,疏水核心,β11链;桶内疏水填充,替换为极性残基→局部结构松动,疏水保守替换可容忍,PDB:2B3P
169,Arg,重要功能,β-桶表面,β11链;表面暴露;参与表面电荷网络,替换影响表面特性,表面残基可替换,PDB:2B3P
170,His,重要功能,β-桶表面,β11链;表面暴露,替换影响表面电荷,表面残基可替换,PDB:2B3P
171,Asn,重要功能(sfGFP关键突变),β-桶表面,β11链;sfGFP中I171V在此区域但位置标记为N171(不对应); 参与表面结构; 替换影响表面特性,此处需核实;I171V是sfGFP关键表面突变;但此序列位点需对照验证,,PDB:2B3P
172,Val,重要功能,疏水核心,β11链;桶内疏水;可能参与I171V(avGFP为I;sfGFP为V)区域,替换为极性残基→内部疏水破坏,疏水保守替换可容忍,PDB:2B3P
173,Glu,重要功能,β-桶表面,β11链;表面暴露,替换影响表面电荷,保守替换(D)可容忍,PDB:2B3P
175,Asp,重要功能,β-桶表面,β11链;表面暴露,替换影响表面电荷,保守替换(E)可容忍,PDB:2B3P
177,Gln,重要功能,β-桶表面,β11链;表面暴露,替换影响表面特性,多种极性残基可替换,PDB:2B3P
179,Ala,重要功能,疏水核心,β11链;小疏水残基;填充桶底空间,替换为大残基→空间冲突,小残基可替换(G/S),PDB:2B3P
180,His,重要功能,β-桶结构,β11链;桶底部极性残基;参与桶底极性网络,替换影响桶底结构,保守替换可容忍,PDB:2B3P
181,Tyr,重要功能,β-桶表面,β11链C端;表面暴露;参与C端结构,替换为小残基→C端结构松动,芳香族保守替换(F)可容忍,PDB:2B3P
182,Gln,重要功能,β-桶表面,β11链C端;表面暴露,替换影响表面极性,多种极性残基可替换,PDB:2B3P
183,Gln,重要功能,β-桶表面,β11链C端;表面暴露,替换影响表面极性,多种极性残基可替换,PDB:2B3P
184,Asn,重要功能,β-桶表面,β11链C端;表面暴露;参与C端表面极性,替换影响表面特性,表面残基可替换,PDB:2B3P
185,Thr,重要功能,β-桶表面,C端loop,替换影响C端结构,多种小残基可替换,PDB:2B3P
186,Pro,重要功能,β-转角,C端loop;C端loop脯氨酸;限制C端构象,替换→C端柔性增加,仅Gly/Ala可替换,PDB:2B3P
187,Ile,重要功能,疏水核心,C端loop;参与C端疏水相互作用,替换为极性→C端结构变化,疏水保守替换可容忍,PDB:2B3P
188,Gly,重要功能,β-转角,C端loop;参与C端构象,突变→C端构象改变,仅Ala可替换,PDB:2B3P
190,Asp,重要功能,β-桶表面,C端loop;表面暴露,替换影响表面电荷,保守替换(E)可容忍,PDB:2B3P
191,Gly,重要功能,β-转角,C端loop,突变→局部构象改变,仅Ala可替换,PDB:2B3P
193,Val,重要功能,疏水核心,C端区域;桶壁疏水,替换为极性残基→局部结构松动,疏水保守替换可容忍,PDB:2B3P
196,Pro,重要功能,β-转角,C端区域;参与C端构象限制,替换→C端柔性增加;稳定性下降,仅Gly/Ala可替换,PDB:2B3P
197,Asp,重要功能,β-桶表面,C端;表面暴露,替换影响表面电荷,保守替换(E)可容忍,PDB:2B3P
198,Asn,重要功能,β-桶表面,C端;表面暴露,替换影响表面极性,表面残基可替换,PDB:2B3P
199,His,重要功能,β-桶表面,C端;表面暴露,替换影响表面电荷,表面残基可替换,PDB:2B3P
200,Tyr,重要功能,β-桶表面,C端;表面暴露;参与C端极性,替换为疏水→C端特性改变,表面残基可替换,PDB:2B3P
202,Ser,重要功能,β-桶表面,C端;表面暴露;参与C端结构,替换影响C端特性,多种小残基可替换,PDB:2B3P
204,Gln,重要功能,发色团邻近,邻近T203;参与发色团下方极性环境,替换影响发色团微环境;荧光特性可能改变,多种极性残基可替换但可能影响荧光,PDB:2B3P
206,Val,重要功能(sfGFP关键突变),C端区域,,β11链;sfGFP中A206V;avGFP为A;增强C端疏水堆积;提升热稳,是sfGFP热稳增强突变之一,PDB:2B3P
208,Leu,重要功能,疏水核心,C端;内部疏水填充;与L207形成连续疏水,替换为极性→C端结构破坏,疏水保守替换可容忍,PDB:2B3P
209,Ser,重要功能,β-桶表面,C端;表面暴露;参与C端表面结构,替换影响表面特性,表面残基可替换,PDB:2B3P
210,Lys,重要功能,β-桶表面,C端;表面暴露,替换影响表面电荷,表面残基可替换,PDB:2B3P
211,Asp,重要功能,β-桶表面,C端;表面暴露,替换影响表面电荷,保守替换(E)可容忍,PDB:2B3P
212,Pro,重要功能,β-转角,C端;参与C端构象,替换→C端结构变化,仅Gly/Ala可替换,PDB:2B3P
213,Asn,重要功能,β-桶表面,C端;表面暴露,替换影响表面极性,表面残基可替换,PDB:2B3P
214,Glu,重要功能,β-桶表面,C端;表面暴露,替换影响表面电荷,保守替换(D)可容忍,PDB:2B3P
215,Lys,重要功能,β-桶表面,C端;表面暴露,替换影响表面电荷,表面残基可替换,PDB:2B3P
216,Arg,重要功能,β-桶表面,C端;表面暴露,替换影响表面电荷,表面残基可替换,PDB:2B3P
217,Asp,重要功能,β-桶表面,C端;表面暴露,替换影响表面电荷,保守替换(E)可容忍,PDB:2B3P
218,His,重要功能,β-桶表面,C端;表面暴露,替换影响表面电荷,表面残基可替换,PDB:2B3P
225,Thr,重要功能,C末端,末端α-helix cap;参与主链末端结构;C端柔性区域,替换为大型残基可能影响C端空间,多种残基可容忍(此区域较为柔性),PDB:2B3P
226,Ala,重要功能,C末端,末端区域;小残基,替换影响有限,多种残基可替换,PDB:2B3P
227,Ala,重要功能,C末端,末端区域;小残基,替换影响有限,多种残基可替换,PDB:2B3P
229,Ile,重要功能,C末端,末端疏水锚定;参与C端最终结构锁定,替换为极性→C端略微松动,疏水保守替换可容忍,PDB:2B3P
230,Thr,重要功能,C末端,末端区域;参与C端结构,替换影响有限,多种残基可替换,PDB:2B3P
231,His,重要功能,C末端,末端区域;末端极性残基,替换影响有限,多种残基可替换,PDB:2B3P
232,Gly,重要功能,C末端,,末端柔性区域;小残基,多个残基可替换,PDB:2B3P
233,Met,重要功能,C末端,末端残基;参与C端结构,替换影响有限,疏水保守替换可容忍,PDB:2B3P
234,Asp,重要功能,C末端,末端表面暴露,替换影响有限,保守替换(E)可容忍,PDB:2B3P
235,Glu,重要功能,C末端,末端表面暴露,替换影响有限,保守替换(D)可容忍,PDB:2B3P
236,Leu,重要功能,C末端,末端疏水锚定,替换影响有限,疏水保守替换可容忍,PDB:2B3P
237,Tyr,重要功能,C末端,末端芳香族残基,替换影响有限,芳香族保守替换(F)可容忍,PDB:2B3P
238,Lys,重要功能,C末端,最末端残基;高度暴露,替换影响极小,几乎所有残基可替换,PDB:2B3P
